.\mvnw.cmd : WARNING: A restricted method in java.lang.System has been called
En línea: 4 Carácter: 1
+ .\mvnw.cmd test "-Dtest=CampusLion*,ArchitectureTest,CourseController ...
+ ~~~~~~~~~~~~~~~~~~~~~~~~~~~~~~~~~~~~~~~~~~~~~~~~~~~~~~~~~~~~~~~~~~~~~
    + CategoryInfo          : NotSpecified: (WARNING: A rest...has been called:String) [], RemoteException
    + FullyQualifiedErrorId : NativeCommandError
 
WARNING: java.lang.System::load has been called by org.fusesource.jansi.internal.JansiLoader in an unnamed module 
(file:/C:/Users/PC/.m2/wrapper/dists/apache-maven-3.9.16-bin/4200fbc6/apache-maven-3.9.16/lib/jansi-2.4.3.jar)
WARNING: Use --enable-native-access=ALL-UNNAMED to avoid a warning for callers in this module
WARNING: Restricted methods will be blocked in a future release unless native access is enabled

[INFO] Scanning for projects...
[INFO] 
[INFO] -----------------------< com.loiane:crud-spring >-----------------------
[INFO] Building crud-spring 0.0.1-SNAPSHOT
[INFO]   from pom.xml
[INFO] --------------------------------[ jar ]---------------------------------
[INFO] 
[INFO] --- jacoco:0.8.15:prepare-agent (default) @ crud-spring ---
[INFO] argLine set to -javaagent:C:\\Users\\PC\\.m2\\repository\\org\\jacoco\\org.jacoco.agent\\0.8.15\\org.jacoco.agent-0.8.15-runtime.jar=destfile=C:\\Users\\PC\\Desktop\\crud-angular-spring\\crud-spring\\target\\jacoco.exec
[INFO] 
[INFO] --- resources:3.5.0:resources (default-resources) @ crud-spring ---
[INFO] Copying 4 resources from src\main\resources to target\classes
[INFO] Copying 1 resource from src\main\resources to target\classes
[INFO] 
[INFO] --- compiler:3.15.0:compile (default-compile) @ crud-spring ---
[INFO] Nothing to compile - all classes are up to date.
[INFO] 
[INFO] --- resources:3.5.0:testResources (default-testResources) @ crud-spring ---
[INFO] Copying 4 resources from src\test\resources to target\test-classes
[INFO] 
[INFO] --- compiler:3.15.0:testCompile (default-testCompile) @ crud-spring ---
[INFO] Recompiling the module because of changed source code.
[INFO] Compiling 26 source files with javac [debug parameters release 25] to target\test-classes
[INFO] 
[INFO] --- surefire:3.5.6:test (default-test) @ crud-spring ---
[INFO] Using auto detected provider org.apache.maven.surefire.junitplatform.JUnitPlatformProvider
[INFO] 
[INFO] -------------------------------------------------------
[INFO]  T E S T S
[INFO] -------------------------------------------------------
[INFO] Running com.loiane.course.CampusLionApiFlowIntegrationTest
20:27:08.173 [main] INFO org.springframework.test.context.support.AnnotationConfigContextLoaderUtils -- Could not detect default configuration classes for test class [com.loiane.course.CampusLionApiFlowIntegrationTest]: CampusLionApiFlowIntegrationTest does not declare any static, non-private, non-final, nested classes annotated with @Configuration.
20:27:08.545 [main] INFO org.springframework.boot.test.context.SpringBootTestContextBootstrapper -- Found @SpringBootConfiguration com.loiane.CrudSpringApplication for test class com.loiane.course.CampusLionApiFlowIntegrationTest
20:27:08.760 [main] INFO org.springframework.test.context.support.AnnotationConfigContextLoaderUtils -- Could not detect default configuration classes for test class [com.loiane.course.CampusLionApiFlowIntegrationTest]: CampusLionApiFlowIntegrationTest does not declare any static, non-private, non-final, nested classes annotated with @Configuration.
20:27:08.761 [main] INFO org.springframework.test.context.support.AnnotationConfigContextLoaderUtils -- Could not detect default configuration classes for test class [com.loiane.course.CampusLionApiTestSupport]: CampusLionApiTestSupport does not declare any static, non-private, non-final, nested classes annotated with @Configuration.
20:27:08.768 [main] INFO org.springframework.boot.test.context.SpringBootTestContextBootstrapper -- Found @SpringBootConfiguration com.loiane.CrudSpringApplication for test class com.loiane.course.CampusLionApiFlowIntegrationTest
20:27:09.686 [main] INFO org.springframework.boot.devtools.restart.RestartApplicationListener -- Restart disabled due to context in which it is running

  .   ____          _            __ _ _
 /\\ / ___'_ __ _ _(_)_ __  __ _ \ \ \ \
( ( )\___ | '_ | '_| | '_ \/ _` | \ \ \ \
 \\/  ___)| |_)| | | | | || (_| |  ) ) ) )
  '  |____| .__|_| |_|_| |_\__, | / / / /
 =========|_|==============|___/=/_/_/_/

 :: Spring Boot ::                (v4.1.1)

2026-10-07T20:27:10.117-05:00  INFO 14368 --- [test] [           main] c.l.c.CampusLionApiFlowIntegrationTest   : Starting CampusLionApiFlowIntegrationTest using Java 25.0.4.1 with PID 14368 (started by PC in C:\Users\PC\Desktop\crud-angular-spring\crud-spring)
2026-10-07T20:27:10.119-05:00  INFO 14368 --- [test] [           main] c.l.c.CampusLionApiFlowIntegrationTest   : The following 1 profile is active: "test"
2026-10-07T20:27:12.855-05:00  INFO 14368 --- [test] [           main] .s.d.r.c.RepositoryConfigurationDelegate : Bootstrapping Spring Data JPA repositories in DEFAULT mode.
2026-10-07T20:27:13.072-05:00  INFO 14368 --- [test] [           main] .s.d.r.c.RepositoryConfigurationDelegate : Finished Spring Data repository scanning in 204 ms. Found 2 JPA repository interfaces.
2026-10-07T20:27:13.980-05:00  INFO 14368 --- [test] [           main] o.s.boot.tomcat.TomcatWebServer          : Tomcat initialized with port 0 (http)
2026-10-07T20:27:14.003-05:00  INFO 14368 --- [test] [           main] o.apache.catalina.core.StandardService   : Starting service [Tomcat]
2026-10-07T20:27:14.005-05:00  INFO 14368 --- [test] [           main] o.apache.catalina.core.StandardEngine    : Starting Servlet engine: [Apache Tomcat/11.0.24]
2026-10-07T20:27:14.117-05:00  INFO 14368 --- [test] [           main] b.w.c.s.WebApplicationContextInitializer : Root WebApplicationContext: initialization completed in 3667 ms
2026-10-07T20:27:14.462-05:00  INFO 14368 --- [test] [           main] com.zaxxer.hikari.HikariDataSource       : HikariPool-1 - Starting...
2026-10-07T20:27:14.874-05:00  INFO 14368 --- [test] [           main] com.zaxxer.hikari.pool.HikariPool        : HikariPool-1 - Added connection conn0: url=jdbc:h2:mem:testdb user=SA
2026-10-07T20:27:14.876-05:00  INFO 14368 --- [test] [           main] com.zaxxer.hikari.HikariDataSource       : HikariPool-1 - Start completed.
2026-10-07T20:27:14.936-05:00  INFO 14368 --- [test] [           main] org.hibernate.orm.jpa                    : HHH008540: Processing PersistenceUnitInfo [name: default]
2026-10-07T20:27:15.067-05:00  INFO 14368 --- [test] [           main] org.hibernate.orm.core                   : HHH000001: Hibernate ORM core version 7.4.5.Final
2026-10-07T20:27:15.921-05:00  INFO 14368 --- [test] [           main] o.s.o.j.p.SpringPersistenceUnitInfo      : No LoadTimeWeaver setup: ignoring JPA class transformer
2026-10-07T20:27:16.016-05:00  WARN 14368 --- [test] [           main] org.hibernate.orm.deprecation            : HHH90000025: H2Dialect does not need to be specified explicitly using 'hibernate.dialect' (remove the property setting and it will be selected by default)
2026-10-07T20:27:16.061-05:00  INFO 14368 --- [test] [           main] org.hibernate.orm.connections.pooling    : HHH10001005: Database info:
	Database JDBC URL [jdbc:h2:mem:testdb]
	Database driver: H2 JDBC Driver
	Database dialect: H2Dialect
	Database version: 2.4.240
	Default catalog/schema: TESTDB/PUBLIC
	Autocommit mode: undefined/unknown
	Isolation level: READ_COMMITTED [default READ_COMMITTED]
	JDBC fetch size: 100
	Pool: DataSourceConnectionProvider
	Minimum pool size: undefined/unknown
	Maximum pool size: undefined/unknown
2026-10-07T20:27:17.798-05:00  INFO 14368 --- [test] [           main] org.hibernate.orm.core                   : HHH000489: No JTA platform available (set 'hibernate.transaction.jta.platform' to enable JTA platform integration)
Hibernate: drop table if exists course cascade 
Hibernate: drop table if exists lesson cascade 
Hibernate: create table course (id bigint generated by default as identity, category VARCHAR(10) not null check ((category in ('Back-end','Front-end'))), status VARCHAR(10) not null check ((status in ('Active','Inactive'))), name varchar(150) not null unique, primary key (id))
Hibernate: create table lesson (course_id bigint not null, id bigint generated by default as identity, youtube_url varchar(11) not null, name varchar(100) not null, primary key (id))
Hibernate: alter table if exists lesson add constraint FKjs3c7skmg8bvdddok5lc7s807 foreign key (course_id) references course
2026-10-07T20:27:17.903-05:00  INFO 14368 --- [test] [           main] j.LocalContainerEntityManagerFactoryBean : Initialized JPA EntityManagerFactory for persistence unit 'default'
2026-10-07T20:27:18.017-05:00  INFO 14368 --- [test] [           main] o.s.d.j.r.query.QueryEnhancerFactories   : Hibernate is in classpath; If applicable, HQL parser will be used.
2026-10-07T20:27:19.406-05:00  INFO 14368 --- [test] [           main] o.s.b.a.e.web.EndpointLinksResolver      : Exposing 1 endpoint beneath base path '/actuator'
2026-10-07T20:27:19.500-05:00  INFO 14368 --- [test] [           main] o.s.boot.tomcat.TomcatWebServer          : Tomcat started on port 56851 (http) with context path '/'
2026-10-07T20:27:19.511-05:00  INFO 14368 --- [test] [           main] c.l.c.CampusLionApiFlowIntegrationTest   : Started CampusLionApiFlowIntegrationTest in 9.846 seconds (process running for 13.717)
Hibernate: select c1_0.id,c1_0.category,c1_0.name,c1_0.status from course c1_0 where (c1_0.status <> 'Inactive')
2026-10-07T20:27:19.911-05:00  WARN 14368 --- [test] [           main] o.h.v.i.m.a.CascadingMetaDataBuilder     : HV000271: Using `@Valid` on a container (java.util.Set) is deprecated. You should apply the annotation on the type argument(s). Affected element: lessons
Hibernate: insert into course (category,name,status,id) values (?,?,?,default)
Hibernate: insert into lesson (course_id,name,youtube_url,id) values (?,?,?,default)
Hibernate: insert into lesson (course_id,name,youtube_url,id) values (?,?,?,default)
Hibernate: insert into lesson (course_id,name,youtube_url,id) values (?,?,?,default)
Hibernate: insert into lesson (course_id,name,youtube_url,id) values (?,?,?,default)
Hibernate: insert into lesson (course_id,name,youtube_url,id) values (?,?,?,default)
Hibernate: insert into lesson (course_id,name,youtube_url,id) values (?,?,?,default)
Hibernate: insert into lesson (course_id,name,youtube_url,id) values (?,?,?,default)
Hibernate: insert into lesson (course_id,name,youtube_url,id) values (?,?,?,default)
Hibernate: insert into lesson (course_id,name,youtube_url,id) values (?,?,?,default)
Hibernate: insert into course (category,name,status,id) values (?,?,?,default)
Hibernate: insert into lesson (course_id,name,youtube_url,id) values (?,?,?,default)
Hibernate: insert into lesson (course_id,name,youtube_url,id) values (?,?,?,default)
Hibernate: insert into lesson (course_id,name,youtube_url,id) values (?,?,?,default)
Hibernate: insert into lesson (course_id,name,youtube_url,id) values (?,?,?,default)
Hibernate: insert into lesson (course_id,name,youtube_url,id) values (?,?,?,default)
Hibernate: insert into lesson (course_id,name,youtube_url,id) values (?,?,?,default)
Hibernate: insert into lesson (course_id,name,youtube_url,id) values (?,?,?,default)
Hibernate: insert into lesson (course_id,name,youtube_url,id) values (?,?,?,default)
Hibernate: insert into lesson (course_id,name,youtube_url,id) values (?,?,?,default)
Hibernate: insert into course (category,name,status,id) values (?,?,?,default)
Hibernate: insert into lesson (course_id,name,youtube_url,id) values (?,?,?,default)
Hibernate: insert into lesson (course_id,name,youtube_url,id) values (?,?,?,default)
Hibernate: insert into lesson (course_id,name,youtube_url,id) values (?,?,?,default)
Hibernate: insert into lesson (course_id,name,youtube_url,id) values (?,?,?,default)
Hibernate: insert into lesson (course_id,name,youtube_url,id) values (?,?,?,default)
Hibernate: insert into lesson (course_id,name,youtube_url,id) values (?,?,?,default)
Hibernate: insert into lesson (course_id,name,youtube_url,id) values (?,?,?,default)
Hibernate: insert into lesson (course_id,name,youtube_url,id) values (?,?,?,default)
Hibernate: insert into lesson (course_id,name,youtube_url,id) values (?,?,?,default)
Hibernate: insert into course (category,name,status,id) values (?,?,?,default)
Hibernate: insert into lesson (course_id,name,youtube_url,id) values (?,?,?,default)
Hibernate: insert into lesson (course_id,name,youtube_url,id) values (?,?,?,default)
Hibernate: insert into lesson (course_id,name,youtube_url,id) values (?,?,?,default)
Hibernate: insert into lesson (course_id,name,youtube_url,id) values (?,?,?,default)
Hibernate: insert into lesson (course_id,name,youtube_url,id) values (?,?,?,default)
Hibernate: insert into lesson (course_id,name,youtube_url,id) values (?,?,?,default)
Hibernate: insert into lesson (course_id,name,youtube_url,id) values (?,?,?,default)
Hibernate: insert into lesson (course_id,name,youtube_url,id) values (?,?,?,default)
Hibernate: insert into lesson (course_id,name,youtube_url,id) values (?,?,?,default)
2026-10-07T20:27:20.038-05:00  WARN 14368 --- [test] [           main] o.s.core.events.SpringDocAppInitializer  : SpringDoc /v3/api-docs endpoint is enabled by default. To disable it in production, set the property 'springdoc.api-docs.enabled=false'
2026-10-07T20:27:20.039-05:00  WARN 14368 --- [test] [           main] o.s.core.events.SpringDocAppInitializer  : SpringDoc /swagger-ui.html endpoint is enabled by default. To disable it in production, set the property 'springdoc.swagger-ui.enabled=false'
Mockito is currently self-attaching to enable the inline-mock-maker. This will no longer work in future releases of 
the JDK. Please add Mockito as an agent to your build as described in Mockito's documentation: 
https://javadoc.io/doc/org.mockito/mockito-core/latest/org.mockito/org/mockito/Mockito.html#0.3
OpenJDK 64-Bit Server VM warning: Sharing is only supported for boot loader classes because bootstrap classpath has 
been appended
WARNING: A Java agent has been loaded dynamically 
(C:\Users\PC\.m2\repository\net\bytebuddy\byte-buddy-agent\1.18.11\byte-buddy-agent-1.18.11.jar)
WARNING: If a serviceability tool is in use, please run with -XX:+EnableDynamicAgentLoading to hide this warning
WARNING: If a serviceability tool is not in use, please run with -Djdk.instrument.traceUsage for more information
WARNING: Dynamic loading of agents will be disallowed by default in a future release
2026-10-07T20:27:20.606-05:00  INFO 14368 --- [test] [o-auto-1-exec-1] o.a.c.c.C.[Tomcat].[localhost].[/]       : Initializing Spring DispatcherServlet 'dispatcherServlet'
2026-10-07T20:27:20.607-05:00  INFO 14368 --- [test] [o-auto-1-exec-1] o.s.web.servlet.DispatcherServlet        : Initializing Servlet 'dispatcherServlet'
2026-10-07T20:27:20.608-05:00  INFO 14368 --- [test] [o-auto-1-exec-1] o.s.web.servlet.DispatcherServlet        : Completed initialization in 1 ms
2026-10-07T20:27:20.808-05:00  WARN 14368 --- [test] [o-auto-1-exec-1] o.h.v.i.m.a.CascadingMetaDataBuilder     : HV000271: Using `@Valid` on a container (java.util.List) is deprecated. You should apply the annotation on the type argument(s). Affected element: CourseRequestDTO#com.loiane.course.dto.CourseRequestDTO(String, String, List)
2026-10-07T20:27:20.809-05:00  WARN 14368 --- [test] [o-auto-1-exec-1] o.h.v.i.m.a.CascadingMetaDataBuilder     : HV000271: Using `@Valid` on a container (java.util.List) is deprecated. You should apply the annotation on the type argument(s). Affected element: lessons
2026-10-07T20:27:20.810-05:00  WARN 14368 --- [test] [o-auto-1-exec-1] o.h.v.i.m.a.CascadingMetaDataBuilder     : HV000271: Using `@Valid` on a container (java.util.List) is deprecated. You should apply the annotation on the type argument(s). Affected element: CourseRequestDTO#lessons()
Hibernate: SELECT * FROM course WHERE name = ?
Hibernate: insert into course (category,name,status,id) values (?,?,?,default)
Hibernate: insert into lesson (course_id,name,youtube_url,id) values (?,?,?,default)
Hibernate: SELECT * FROM course WHERE name = ?
Hibernate: insert into course (category,name,status,id) values (?,?,?,default)
Hibernate: insert into lesson (course_id,name,youtube_url,id) values (?,?,?,default)
Hibernate: select c1_0.id,c1_0.category,c1_0.name,c1_0.status from course c1_0 where c1_0.id=? and (c1_0.status <> 'Inactive')
Hibernate: select l1_0.course_id,l1_0.id,l1_0.name,l1_0.youtube_url from lesson l1_0 where l1_0.course_id=? order by l1_0.id
Hibernate: delete from lesson where id=?
Hibernate: UPDATE course SET status = 'Inactive' WHERE id=?
Hibernate: SELECT * FROM course WHERE name = ?
Hibernate: select c1_0.id,c1_0.category,c1_0.name,c1_0.status from course c1_0 where (c1_0.status <> 'Inactive') offset ? rows fetch first ? rows only
Hibernate: select count(c1_0.id) from course c1_0 where (c1_0.status <> 'Inactive')
Hibernate: select l1_0.course_id,l1_0.id,l1_0.name,l1_0.youtube_url from lesson l1_0 where l1_0.course_id in (?,?,?,?,?,?,?,?,?,?,?,?,?,?,?,?,?,?,?,?,?,?,?,?,?,?,?,?,?,?,?,?,?,?,?,?,?,?,?,?,?,?,?,?,?,?,?,?,?,?,?,?,?,?,?,?,?,?,?,?,?,?,?,?,?,?,?,?,?,?,?,?,?,?,?,?,?,?,?,?,?,?,?,?,?,?,?,?,?,?,?,?,?,?,?,?,?,?,?,?) order by l1_0.id
Hibernate: SELECT * FROM course WHERE name = ?
Hibernate: insert into course (category,name,status,id) values (?,?,?,default)
Hibernate: insert into lesson (course_id,name,youtube_url,id) values (?,?,?,default)
Hibernate: select c1_0.id,c1_0.category,c1_0.name,c1_0.status from course c1_0 where c1_0.id=? and (c1_0.status <> 'Inactive')
Hibernate: select l1_0.course_id,l1_0.id,l1_0.name,l1_0.youtube_url from lesson l1_0 where l1_0.course_id=? order by l1_0.id
Hibernate: SELECT * FROM course WHERE name = ?
Hibernate: select c1_0.id,c1_0.category,c1_0.name,c1_0.status from course c1_0 where c1_0.id=? and (c1_0.status <> 'Inactive')
Hibernate: select l1_0.course_id,l1_0.id,l1_0.name,l1_0.youtube_url from lesson l1_0 where l1_0.course_id=? order by l1_0.id
Hibernate: delete from lesson where id=?
Hibernate: UPDATE course SET status = 'Inactive' WHERE id=?
Hibernate: select c1_0.id,c1_0.category,c1_0.name,c1_0.status from course c1_0 where c1_0.id=? and (c1_0.status <> 'Inactive')
Hibernate: SELECT * FROM course WHERE name = ?
Hibernate: insert into course (category,name,status,id) values (?,?,?,default)
Hibernate: insert into lesson (course_id,name,youtube_url,id) values (?,?,?,default)
Hibernate: select c1_0.id,c1_0.category,c1_0.name,c1_0.status from course c1_0 where c1_0.id=? and (c1_0.status <> 'Inactive')
Hibernate: SELECT * FROM course WHERE name = ?
Hibernate: select l1_0.course_id,l1_0.id,l1_0.name,l1_0.youtube_url from lesson l1_0 where l1_0.course_id=? order by l1_0.id
Hibernate: insert into lesson (course_id,name,youtube_url,id) values (?,?,?,default)
Hibernate: update course set category=?,name=?,status=? where id=?
Hibernate: delete from lesson where id=?
Hibernate: select c1_0.id,c1_0.category,c1_0.name,c1_0.status from course c1_0 where c1_0.id=? and (c1_0.status <> 'Inactive')
Hibernate: select l1_0.course_id,l1_0.id,l1_0.name,l1_0.youtube_url from lesson l1_0 where l1_0.course_id=? order by l1_0.id
[INFO] Tests run: 5, Failures: 0, Errors: 0, Skipped: 0, Time elapsed: 13.63 s -- in com.loiane.course.CampusLionApiFlowIntegrationTest
[INFO] Running com.loiane.course.CampusLionDtoValidationUnitTest
2026-10-07T20:27:21.526-05:00  WARN 14368 --- [test] [           main] o.h.v.i.m.a.CascadingMetaDataBuilder     : HV000271: Using `@Valid` on a container (java.util.List) is deprecated. You should apply the annotation on the type argument(s). Affected element: CourseRequestDTO#com.loiane.course.dto.CourseRequestDTO(String, String, List)
2026-10-07T20:27:21.527-05:00  WARN 14368 --- [test] [           main] o.h.v.i.m.a.CascadingMetaDataBuilder     : HV000271: Using `@Valid` on a container (java.util.List) is deprecated. You should apply the annotation on the type argument(s). Affected element: lessons
2026-10-07T20:27:21.528-05:00  WARN 14368 --- [test] [           main] o.h.v.i.m.a.CascadingMetaDataBuilder     : HV000271: Using `@Valid` on a container (java.util.List) is deprecated. You should apply the annotation on the type argument(s). Affected element: CourseRequestDTO#lessons()
[INFO] Tests run: 2, Failures: 0, Errors: 0, Skipped: 0, Time elapsed: 0.059 s -- in com.loiane.course.CampusLionDtoValidationUnitTest
[INFO] Running com.loiane.course.CampusLionSecurityFixesIntegrationTest
2026-10-07T20:27:21.577-05:00  INFO 14368 --- [test] [           main] t.c.s.AnnotationConfigContextLoaderUtils : Could not detect default configuration classes for test class [com.loiane.course.CampusLionSecurityFixesIntegrationTest]: CampusLionSecurityFixesIntegrationTest does not declare any static, non-private, non-final, nested classes annotated with @Configuration.
2026-10-07T20:27:21.592-05:00  INFO 14368 --- [test] [           main] .b.t.c.SpringBootTestContextBootstrapper : Found @SpringBootConfiguration com.loiane.CrudSpringApplication for test class com.loiane.course.CampusLionSecurityFixesIntegrationTest
2026-10-07T20:27:21.594-05:00  INFO 14368 --- [test] [           main] t.c.s.AnnotationConfigContextLoaderUtils : Could not detect default configuration classes for test class [com.loiane.course.CampusLionSecurityFixesIntegrationTest]: CampusLionSecurityFixesIntegrationTest does not declare any static, non-private, non-final, nested classes annotated with @Configuration.
2026-10-07T20:27:21.595-05:00  INFO 14368 --- [test] [           main] t.c.s.AnnotationConfigContextLoaderUtils : Could not detect default configuration classes for test class [com.loiane.course.CampusLionApiTestSupport]: CampusLionApiTestSupport does not declare any static, non-private, non-final, nested classes annotated with @Configuration.
2026-10-07T20:27:21.605-05:00  INFO 14368 --- [test] [           main] .b.t.c.SpringBootTestContextBootstrapper : Found @SpringBootConfiguration com.loiane.CrudSpringApplication for test class com.loiane.course.CampusLionSecurityFixesIntegrationTest
Hibernate: SELECT * FROM course WHERE name = ?
Hibernate: insert into course (category,name,status,id) values (?,?,?,default)
Hibernate: insert into lesson (course_id,name,youtube_url,id) values (?,?,?,default)
Hibernate: select c1_0.id,c1_0.category,c1_0.name,c1_0.status from course c1_0 where (c1_0.status <> 'Inactive') offset ? rows fetch first ? rows only
Hibernate: select l1_0.course_id,l1_0.id,l1_0.name,l1_0.youtube_url from lesson l1_0 where l1_0.course_id in (?,?,?,?,?,?,?,?,?,?,?,?,?,?,?,?,?,?,?,?,?,?,?,?,?,?,?,?,?,?,?,?,?,?,?,?,?,?,?,?,?,?,?,?,?,?,?,?,?,?,?,?,?,?,?,?,?,?,?,?,?,?,?,?,?,?,?,?,?,?,?,?,?,?,?,?,?,?,?,?,?,?,?,?,?,?,?,?,?,?,?,?,?,?,?,?,?,?,?,?) order by l1_0.id
[INFO] Tests run: 4, Failures: 0, Errors: 0, Skipped: 0, Time elapsed: 0.133 s -- in com.loiane.course.CampusLionSecurityFixesIntegrationTest
[INFO] Running com.loiane.course.CampusLionServiceUnitTest
[INFO] Tests run: 7, Failures: 0, Errors: 0, Skipped: 0, Time elapsed: 0.410 s -- in com.loiane.course.CampusLionServiceUnitTest
[INFO] Running com.loiane.course.CourseControllerTest
2026-10-07T20:27:22.377-05:00  INFO 14368 --- [test] [           main] o.s.mock.web.MockServletContext          : Initializing Spring TestDispatcherServlet ''
2026-10-07T20:27:22.377-05:00  INFO 14368 --- [test] [           main] o.s.t.web.servlet.TestDispatcherServlet  : Initializing Servlet ''
2026-10-07T20:27:22.378-05:00  INFO 14368 --- [test] [           main] o.s.t.web.servlet.TestDispatcherServlet  : Completed initialization in 0 ms
2026-10-07T20:27:22.430-05:00  WARN 14368 --- [test] [           main] o.h.v.i.m.a.CascadingMetaDataBuilder     : HV000271: Using `@Valid` on a container (java.util.List) is deprecated. You should apply the annotation on the type argument(s). Affected element: CourseRequestDTO#com.loiane.course.dto.CourseRequestDTO(String, String, List)
2026-10-07T20:27:22.431-05:00  WARN 14368 --- [test] [           main] o.h.v.i.m.a.CascadingMetaDataBuilder     : HV000271: Using `@Valid` on a container (java.util.List) is deprecated. You should apply the annotation on the type argument(s). Affected element: lessons
2026-10-07T20:27:22.432-05:00  WARN 14368 --- [test] [           main] o.h.v.i.m.a.CascadingMetaDataBuilder     : HV000271: Using `@Valid` on a container (java.util.List) is deprecated. You should apply the annotation on the type argument(s). Affected element: CourseRequestDTO#lessons()
2026-10-07T20:27:22.470-05:00  WARN 14368 --- [test] [           main] o.h.v.i.m.a.CascadingMetaDataBuilder     : HV000271: Using `@Valid` on a container (java.util.List) is deprecated. You should apply the annotation on the type argument(s). Affected element: CourseRequestDTO#com.loiane.course.dto.CourseRequestDTO(String, String, List)
2026-10-07T20:27:22.471-05:00  WARN 14368 --- [test] [           main] o.h.v.i.m.a.CascadingMetaDataBuilder     : HV000271: Using `@Valid` on a container (java.util.List) is deprecated. You should apply the annotation on the type argument(s). Affected element: lessons
2026-10-07T20:27:22.471-05:00  WARN 14368 --- [test] [           main] o.h.v.i.m.a.CascadingMetaDataBuilder     : HV000271: Using `@Valid` on a container (java.util.List) is deprecated. You should apply the annotation on the type argument(s). Affected element: CourseRequestDTO#lessons()
2026-10-07T20:27:22.506-05:00  INFO 14368 --- [test] [           main] o.s.mock.web.MockServletContext          : Initializing Spring TestDispatcherServlet ''
2026-10-07T20:27:22.506-05:00  INFO 14368 --- [test] [           main] o.s.t.web.servlet.TestDispatcherServlet  : Initializing Servlet ''
2026-10-07T20:27:22.506-05:00  INFO 14368 --- [test] [           main] o.s.t.web.servlet.TestDispatcherServlet  : Completed initialization in 0 ms
2026-10-07T20:27:22.514-05:00  WARN 14368 --- [test] [           main] o.h.v.i.m.a.CascadingMetaDataBuilder     : HV000271: Using `@Valid` on a container (java.util.List) is deprecated. You should apply the annotation on the type argument(s). Affected element: CourseRequestDTO#com.loiane.course.dto.CourseRequestDTO(String, String, List)
2026-10-07T20:27:22.515-05:00  WARN 14368 --- [test] [           main] o.h.v.i.m.a.CascadingMetaDataBuilder     : HV000271: Using `@Valid` on a container (java.util.List) is deprecated. You should apply the annotation on the type argument(s). Affected element: lessons
2026-10-07T20:27:22.515-05:00  WARN 14368 --- [test] [           main] o.h.v.i.m.a.CascadingMetaDataBuilder     : HV000271: Using `@Valid` on a container (java.util.List) is deprecated. You should apply the annotation on the type argument(s). Affected element: CourseRequestDTO#lessons()
2026-10-07T20:27:22.532-05:00  WARN 14368 --- [test] [           main] .w.s.m.s.DefaultHandlerExceptionResolver : Resolved [org.springframework.web.bind.MethodArgumentNotValidException: Validation failed for argument [1] in public com.loiane.course.dto.CourseDTO com.loiane.course.CourseController.update(java.lang.Long,com.loiane.course.dto.CourseRequestDTO) with 5 errors: [Field error in object 'courseRequestDTO' on field 'lessons': rejected value [[]]; codes [NotEmpty.courseRequestDTO.lessons,NotEmpty.lessons,NotEmpty.java.util.List,NotEmpty]; arguments [org.springframework.context.support.DefaultMessageSourceResolvable: codes [courseRequestDTO.lessons,lessons]; arguments []; default message [lessons]]; default message [must not be empty]] [Field error in object 'courseRequestDTO' on field 'category': rejected value [null]; codes [NotNull.courseRequestDTO.category,NotNull.category,NotNull.java.lang.String,NotNull]; arguments [org.springframework.context.support.DefaultMessageSourceResolvable: codes [courseRequestDTO.category,category]; arguments []; default message [category]]; default message [must not be null]] [Field error in object 'courseRequestDTO' on field 'name': rejected value [null]; codes [NotNull.courseRequestDTO.name,NotNull.name,NotNull.java.lang.String,NotNull]; arguments [org.springframework.context.support.DefaultMessageSourceResolvable: codes [courseRequestDTO.name,name]; arguments []; default message [name]]; default message [must not be null]] [Field error in object 'courseRequestDTO' on field 'category': rejected value [null]; codes [NotBlank.courseRequestDTO.category,NotBlank.category,NotBlank.java.lang.String,NotBlank]; arguments [org.springframework.context.support.DefaultMessageSourceResolvable: codes [courseRequestDTO.category,category]; arguments []; default message [category]]; default message [must not be blank]] [Field error in object 'courseRequestDTO' on field 'name': rejected value [null]; codes [NotBlank.courseRequestDTO.name,NotBlank.name,NotBlank.java.lang.String,NotBlank]; arguments [org.springframework.context.support.DefaultMessageSourceResolvable: codes [courseRequestDTO.name,name]; arguments []; default message [name]]; default message [must not be blank]] ]
2026-10-07T20:27:22.551-05:00  INFO 14368 --- [test] [           main] o.s.mock.web.MockServletContext          : Initializing Spring TestDispatcherServlet ''
2026-10-07T20:27:22.551-05:00  INFO 14368 --- [test] [           main] o.s.t.web.servlet.TestDispatcherServlet  : Initializing Servlet ''
2026-10-07T20:27:22.552-05:00  INFO 14368 --- [test] [           main] o.s.t.web.servlet.TestDispatcherServlet  : Completed initialization in 1 ms
2026-10-07T20:27:22.560-05:00  WARN 14368 --- [test] [           main] o.h.v.i.m.a.CascadingMetaDataBuilder     : HV000271: Using `@Valid` on a container (java.util.List) is deprecated. You should apply the annotation on the type argument(s). Affected element: CourseRequestDTO#com.loiane.course.dto.CourseRequestDTO(String, String, List)
2026-10-07T20:27:22.561-05:00  WARN 14368 --- [test] [           main] o.h.v.i.m.a.CascadingMetaDataBuilder     : HV000271: Using `@Valid` on a container (java.util.List) is deprecated. You should apply the annotation on the type argument(s). Affected element: lessons
2026-10-07T20:27:22.561-05:00  WARN 14368 --- [test] [           main] o.h.v.i.m.a.CascadingMetaDataBuilder     : HV000271: Using `@Valid` on a container (java.util.List) is deprecated. You should apply the annotation on the type argument(s). Affected element: CourseRequestDTO#lessons()
2026-10-07T20:27:22.577-05:00  WARN 14368 --- [test] [           main] .w.s.m.s.DefaultHandlerExceptionResolver : Resolved [org.springframework.web.bind.MethodArgumentNotValidException: Validation failed for argument [1] in public com.loiane.course.dto.CourseDTO com.loiane.course.CourseController.update(java.lang.Long,com.loiane.course.dto.CourseRequestDTO) with 3 errors: [Field error in object 'courseRequestDTO' on field 'name': rejected value [null]; codes [NotBlank.courseRequestDTO.name,NotBlank.name,NotBlank.java.lang.String,NotBlank]; arguments [org.springframework.context.support.DefaultMessageSourceResolvable: codes [courseRequestDTO.name,name]; arguments []; default message [name]]; default message [must not be blank]] [Field error in object 'courseRequestDTO' on field 'lessons': rejected value [[]]; codes [NotEmpty.courseRequestDTO.lessons,NotEmpty.lessons,NotEmpty.java.util.List,NotEmpty]; arguments [org.springframework.context.support.DefaultMessageSourceResolvable: codes [courseRequestDTO.lessons,lessons]; arguments []; default message [lessons]]; default message [must not be empty]] [Field error in object 'courseRequestDTO' on field 'name': rejected value [null]; codes [NotNull.courseRequestDTO.name,NotNull.name,NotNull.java.lang.String,NotNull]; arguments [org.springframework.context.support.DefaultMessageSourceResolvable: codes [courseRequestDTO.name,name]; arguments []; default message [name]]; default message [must not be null]] ]
2026-10-07T20:27:22.591-05:00  INFO 14368 --- [test] [           main] o.s.mock.web.MockServletContext          : Initializing Spring TestDispatcherServlet ''
2026-10-07T20:27:22.591-05:00  INFO 14368 --- [test] [           main] o.s.t.web.servlet.TestDispatcherServlet  : Initializing Servlet ''
2026-10-07T20:27:22.591-05:00  INFO 14368 --- [test] [           main] o.s.t.web.servlet.TestDispatcherServlet  : Completed initialization in 0 ms
2026-10-07T20:27:22.598-05:00  WARN 14368 --- [test] [           main] o.h.v.i.m.a.CascadingMetaDataBuilder     : HV000271: Using `@Valid` on a container (java.util.List) is deprecated. You should apply the annotation on the type argument(s). Affected element: CourseRequestDTO#com.loiane.course.dto.CourseRequestDTO(String, String, List)
2026-10-07T20:27:22.599-05:00  WARN 14368 --- [test] [           main] o.h.v.i.m.a.CascadingMetaDataBuilder     : HV000271: Using `@Valid` on a container (java.util.List) is deprecated. You should apply the annotation on the type argument(s). Affected element: lessons
2026-10-07T20:27:22.600-05:00  WARN 14368 --- [test] [           main] o.h.v.i.m.a.CascadingMetaDataBuilder     : HV000271: Using `@Valid` on a container (java.util.List) is deprecated. You should apply the annotation on the type argument(s). Affected element: CourseRequestDTO#lessons()
2026-10-07T20:27:22.618-05:00  WARN 14368 --- [test] [           main] .w.s.m.s.DefaultHandlerExceptionResolver : Resolved [org.springframework.web.bind.MethodArgumentNotValidException: Validation failed for argument [1] in public com.loiane.course.dto.CourseDTO com.loiane.course.CourseController.update(java.lang.Long,com.loiane.course.dto.CourseRequestDTO) with 4 errors: [Field error in object 'courseRequestDTO' on field 'lessons': rejected value [[]]; codes [NotEmpty.courseRequestDTO.lessons,NotEmpty.lessons,NotEmpty.java.util.List,NotEmpty]; arguments [org.springframework.context.support.DefaultMessageSourceResolvable: codes [courseRequestDTO.lessons,lessons]; arguments []; default message [lessons]]; default message [must not be empty]] [Field error in object 'courseRequestDTO' on field 'name': rejected value []; codes [NotBlank.courseRequestDTO.name,NotBlank.name,NotBlank.java.lang.String,NotBlank]; arguments [org.springframework.context.support.DefaultMessageSourceResolvable: codes [courseRequestDTO.name,name]; arguments []; default message [name]]; default message [must not be blank]] [Field error in object 'courseRequestDTO' on field 'name': rejected value []; codes [Length.courseRequestDTO.name,Length.name,Length.java.lang.String,Length]; arguments [org.springframework.context.support.DefaultMessageSourceResolvable: codes [courseRequestDTO.name,name]; arguments []; default message [name],150,5]; default message [length must be between 5 and 150]] [Field error in object 'courseRequestDTO' on field 'name': rejected value []; codes [ValidCourseName.courseRequestDTO.name,ValidCourseName.name,ValidCourseName.java.lang.String,ValidCourseName]; arguments [org.springframework.context.support.DefaultMessageSourceResolvable: codes [courseRequestDTO.name,name]; arguments []; default message [name]]; default message [Course name contains invalid characters]] ]
2026-10-07T20:27:22.632-05:00  INFO 14368 --- [test] [           main] o.s.mock.web.MockServletContext          : Initializing Spring TestDispatcherServlet ''
2026-10-07T20:27:22.632-05:00  INFO 14368 --- [test] [           main] o.s.t.web.servlet.TestDispatcherServlet  : Initializing Servlet ''
2026-10-07T20:27:22.632-05:00  INFO 14368 --- [test] [           main] o.s.t.web.servlet.TestDispatcherServlet  : Completed initialization in 0 ms
2026-10-07T20:27:22.641-05:00  WARN 14368 --- [test] [           main] o.h.v.i.m.a.CascadingMetaDataBuilder     : HV000271: Using `@Valid` on a container (java.util.List) is deprecated. You should apply the annotation on the type argument(s). Affected element: CourseRequestDTO#com.loiane.course.dto.CourseRequestDTO(String, String, List)
2026-10-07T20:27:22.641-05:00  WARN 14368 --- [test] [           main] o.h.v.i.m.a.CascadingMetaDataBuilder     : HV000271: Using `@Valid` on a container (java.util.List) is deprecated. You should apply the annotation on the type argument(s). Affected element: lessons
2026-10-07T20:27:22.642-05:00  WARN 14368 --- [test] [           main] o.h.v.i.m.a.CascadingMetaDataBuilder     : HV000271: Using `@Valid` on a container (java.util.List) is deprecated. You should apply the annotation on the type argument(s). Affected element: CourseRequestDTO#lessons()
2026-10-07T20:27:22.655-05:00  WARN 14368 --- [test] [           main] .w.s.m.s.DefaultHandlerExceptionResolver : Resolved [org.springframework.web.bind.MethodArgumentNotValidException: Validation failed for argument [1] in public com.loiane.course.dto.CourseDTO com.loiane.course.CourseController.update(java.lang.Long,com.loiane.course.dto.CourseRequestDTO) with 2 errors: [Field error in object 'courseRequestDTO' on field 'name': rejected value [Spr]; codes [Length.courseRequestDTO.name,Length.name,Length.java.lang.String,Length]; arguments [org.springframework.context.support.DefaultMessageSourceResolvable: codes [courseRequestDTO.name,name]; arguments []; default message [name],150,5]; default message [length must be between 5 and 150]] [Field error in object 'courseRequestDTO' on field 'lessons': rejected value [[]]; codes [NotEmpty.courseRequestDTO.lessons,NotEmpty.lessons,NotEmpty.java.util.List,NotEmpty]; arguments [org.springframework.context.support.DefaultMessageSourceResolvable: codes [courseRequestDTO.lessons,lessons]; arguments []; default message [lessons]]; default message [must not be empty]] ]
2026-10-07T20:27:22.664-05:00  INFO 14368 --- [test] [           main] o.s.mock.web.MockServletContext          : Initializing Spring TestDispatcherServlet ''
2026-10-07T20:27:22.665-05:00  INFO 14368 --- [test] [           main] o.s.t.web.servlet.TestDispatcherServlet  : Initializing Servlet ''
2026-10-07T20:27:22.665-05:00  INFO 14368 --- [test] [           main] o.s.t.web.servlet.TestDispatcherServlet  : Completed initialization in 0 ms
2026-10-07T20:27:22.676-05:00  WARN 14368 --- [test] [           main] o.h.v.i.m.a.CascadingMetaDataBuilder     : HV000271: Using `@Valid` on a container (java.util.List) is deprecated. You should apply the annotation on the type argument(s). Affected element: CourseRequestDTO#com.loiane.course.dto.CourseRequestDTO(String, String, List)
2026-10-07T20:27:22.676-05:00  WARN 14368 --- [test] [           main] o.h.v.i.m.a.CascadingMetaDataBuilder     : HV000271: Using `@Valid` on a container (java.util.List) is deprecated. You should apply the annotation on the type argument(s). Affected element: lessons
2026-10-07T20:27:22.677-05:00  WARN 14368 --- [test] [           main] o.h.v.i.m.a.CascadingMetaDataBuilder     : HV000271: Using `@Valid` on a container (java.util.List) is deprecated. You should apply the annotation on the type argument(s). Affected element: CourseRequestDTO#lessons()
2026-10-07T20:27:22.688-05:00  WARN 14368 --- [test] [           main] .w.s.m.s.DefaultHandlerExceptionResolver : Resolved [org.springframework.web.bind.MethodArgumentNotValidException: Validation failed for argument [1] in public com.loiane.course.dto.CourseDTO com.loiane.course.CourseController.update(java.lang.Long,com.loiane.course.dto.CourseRequestDTO) with 3 errors: [Field error in object 'courseRequestDTO' on field 'name': rejected value [Lorem ipsum dolor sit amet, consectetur adipiscing elit. Nunc et quam nec diam tristique mollis eget quis urna. Sed dapibus lectus in arcu rutrum, non luctus sem finibus. Cras nisl neque, pellentesque et tortor id, dapibus auctor turpis.]; codes [Length.courseRequestDTO.name,Length.name,Length.java.lang.String,Length]; arguments [org.springframework.context.support.DefaultMessageSourceResolvable: codes [courseRequestDTO.name,name]; arguments []; default message [name],150,5]; default message [length must be between 5 and 150]] [Field error in object 'courseRequestDTO' on field 'name': rejected value [Lorem ipsum dolor sit amet, consectetur adipiscing elit. Nunc et quam nec diam tristique mollis eget quis urna. Sed dapibus lectus in arcu rutrum, non luctus sem finibus. Cras nisl neque, pellentesque et tortor id, dapibus auctor turpis.]; codes [ValidCourseName.courseRequestDTO.name,ValidCourseName.name,ValidCourseName.java.lang.String,ValidCourseName]; arguments [org.springframework.context.support.DefaultMessageSourceResolvable: codes [courseRequestDTO.name,name]; arguments []; default message [name]]; default message [Course name appears to contain test or placeholder content]] [Field error in object 'courseRequestDTO' on field 'lessons': rejected value [[]]; codes [NotEmpty.courseRequestDTO.lessons,NotEmpty.lessons,NotEmpty.java.util.List,NotEmpty]; arguments [org.springframework.context.support.DefaultMessageSourceResolvable: codes [courseRequestDTO.lessons,lessons]; arguments []; default message [lessons]]; default message [must not be empty]] ]
2026-10-07T20:27:22.698-05:00  INFO 14368 --- [test] [           main] o.s.mock.web.MockServletContext          : Initializing Spring TestDispatcherServlet ''
2026-10-07T20:27:22.699-05:00  INFO 14368 --- [test] [           main] o.s.t.web.servlet.TestDispatcherServlet  : Initializing Servlet ''
2026-10-07T20:27:22.699-05:00  INFO 14368 --- [test] [           main] o.s.t.web.servlet.TestDispatcherServlet  : Completed initialization in 0 ms
2026-10-07T20:27:22.708-05:00  WARN 14368 --- [test] [           main] o.h.v.i.m.a.CascadingMetaDataBuilder     : HV000271: Using `@Valid` on a container (java.util.List) is deprecated. You should apply the annotation on the type argument(s). Affected element: CourseRequestDTO#com.loiane.course.dto.CourseRequestDTO(String, String, List)
2026-10-07T20:27:22.709-05:00  WARN 14368 --- [test] [           main] o.h.v.i.m.a.CascadingMetaDataBuilder     : HV000271: Using `@Valid` on a container (java.util.List) is deprecated. You should apply the annotation on the type argument(s). Affected element: lessons
2026-10-07T20:27:22.709-05:00  WARN 14368 --- [test] [           main] o.h.v.i.m.a.CascadingMetaDataBuilder     : HV000271: Using `@Valid` on a container (java.util.List) is deprecated. You should apply the annotation on the type argument(s). Affected element: CourseRequestDTO#lessons()
2026-10-07T20:27:22.722-05:00  WARN 14368 --- [test] [           main] .w.s.m.s.DefaultHandlerExceptionResolver : Resolved [org.springframework.web.bind.MethodArgumentNotValidException: Validation failed for argument [1] in public com.loiane.course.dto.CourseDTO com.loiane.course.CourseController.update(java.lang.Long,com.loiane.course.dto.CourseRequestDTO) with 3 errors: [Field error in object 'courseRequestDTO' on field 'lessons': rejected value [[]]; codes [NotEmpty.courseRequestDTO.lessons,NotEmpty.lessons,NotEmpty.java.util.List,NotEmpty]; arguments [org.springframework.context.support.DefaultMessageSourceResolvable: codes [courseRequestDTO.lessons,lessons]; arguments []; default message [lessons]]; default message [must not be empty]] [Field error in object 'courseRequestDTO' on field 'category': rejected value [null]; codes [NotBlank.courseRequestDTO.category,NotBlank.category,NotBlank.java.lang.String,NotBlank]; arguments [org.springframework.context.support.DefaultMessageSourceResolvable: codes [courseRequestDTO.category,category]; arguments []; default message [category]]; default message [must not be blank]] [Field error in object 'courseRequestDTO' on field 'category': rejected value [null]; codes [NotNull.courseRequestDTO.category,NotNull.category,NotNull.java.lang.String,NotNull]; arguments [org.springframework.context.support.DefaultMessageSourceResolvable: codes [courseRequestDTO.category,category]; arguments []; default message [category]]; default message [must not be null]] ]
2026-10-07T20:27:22.732-05:00  INFO 14368 --- [test] [           main] o.s.mock.web.MockServletContext          : Initializing Spring TestDispatcherServlet ''
2026-10-07T20:27:22.732-05:00  INFO 14368 --- [test] [           main] o.s.t.web.servlet.TestDispatcherServlet  : Initializing Servlet ''
2026-10-07T20:27:22.733-05:00  INFO 14368 --- [test] [           main] o.s.t.web.servlet.TestDispatcherServlet  : Completed initialization in 1 ms
2026-10-07T20:27:22.739-05:00  WARN 14368 --- [test] [           main] o.h.v.i.m.a.CascadingMetaDataBuilder     : HV000271: Using `@Valid` on a container (java.util.List) is deprecated. You should apply the annotation on the type argument(s). Affected element: CourseRequestDTO#com.loiane.course.dto.CourseRequestDTO(String, String, List)
2026-10-07T20:27:22.740-05:00  WARN 14368 --- [test] [           main] o.h.v.i.m.a.CascadingMetaDataBuilder     : HV000271: Using `@Valid` on a container (java.util.List) is deprecated. You should apply the annotation on the type argument(s). Affected element: lessons
2026-10-07T20:27:22.740-05:00  WARN 14368 --- [test] [           main] o.h.v.i.m.a.CascadingMetaDataBuilder     : HV000271: Using `@Valid` on a container (java.util.List) is deprecated. You should apply the annotation on the type argument(s). Affected element: CourseRequestDTO#lessons()
2026-10-07T20:27:22.751-05:00  WARN 14368 --- [test] [           main] .w.s.m.s.DefaultHandlerExceptionResolver : Resolved [org.springframework.web.bind.MethodArgumentNotValidException: Validation failed for argument [1] in public com.loiane.course.dto.CourseDTO com.loiane.course.CourseController.update(java.lang.Long,com.loiane.course.dto.CourseRequestDTO): [Field error in object 'courseRequestDTO' on field 'lessons': rejected value [[]]; codes [NotEmpty.courseRequestDTO.lessons,NotEmpty.lessons,NotEmpty.java.util.List,NotEmpty]; arguments [org.springframework.context.support.DefaultMessageSourceResolvable: codes [courseRequestDTO.lessons,lessons]; arguments []; default message [lessons]]; default message [must not be empty]] ]
2026-10-07T20:27:22.766-05:00  INFO 14368 --- [test] [           main] o.s.mock.web.MockServletContext          : Initializing Spring TestDispatcherServlet ''
2026-10-07T20:27:22.766-05:00  INFO 14368 --- [test] [           main] o.s.t.web.servlet.TestDispatcherServlet  : Initializing Servlet ''
2026-10-07T20:27:22.767-05:00  INFO 14368 --- [test] [           main] o.s.t.web.servlet.TestDispatcherServlet  : Completed initialization in 1 ms
2026-10-07T20:27:22.776-05:00  WARN 14368 --- [test] [           main] o.h.v.i.m.a.CascadingMetaDataBuilder     : HV000271: Using `@Valid` on a container (java.util.List) is deprecated. You should apply the annotation on the type argument(s). Affected element: CourseRequestDTO#com.loiane.course.dto.CourseRequestDTO(String, String, List)
2026-10-07T20:27:22.776-05:00  WARN 14368 --- [test] [           main] o.h.v.i.m.a.CascadingMetaDataBuilder     : HV000271: Using `@Valid` on a container (java.util.List) is deprecated. You should apply the annotation on the type argument(s). Affected element: lessons
2026-10-07T20:27:22.776-05:00  WARN 14368 --- [test] [           main] o.h.v.i.m.a.CascadingMetaDataBuilder     : HV000271: Using `@Valid` on a container (java.util.List) is deprecated. You should apply the annotation on the type argument(s). Affected element: CourseRequestDTO#lessons()
2026-10-07T20:27:22.788-05:00  WARN 14368 --- [test] [           main] .w.s.m.s.DefaultHandlerExceptionResolver : Resolved [org.springframework.web.bind.MethodArgumentNotValidException: Validation failed for argument [1] in public com.loiane.course.dto.CourseDTO com.loiane.course.CourseController.update(java.lang.Long,com.loiane.course.dto.CourseRequestDTO) with 5 errors: [Field error in object 'courseRequestDTO' on field 'name': rejected value [null]; codes [NotBlank.courseRequestDTO.name,NotBlank.name,NotBlank.java.lang.String,NotBlank]; arguments [org.springframework.context.support.DefaultMessageSourceResolvable: codes [courseRequestDTO.name,name]; arguments []; default message [name]]; default message [must not be blank]] [Field error in object 'courseRequestDTO' on field 'category': rejected value [null]; codes [NotNull.courseRequestDTO.category,NotNull.category,NotNull.java.lang.String,NotNull]; arguments [org.springframework.context.support.DefaultMessageSourceResolvable: codes [courseRequestDTO.category,category]; arguments []; default message [category]]; default message [must not be null]] [Field error in object 'courseRequestDTO' on field 'category': rejected value [null]; codes [NotBlank.courseRequestDTO.category,NotBlank.category,NotBlank.java.lang.String,NotBlank]; arguments [org.springframework.context.support.DefaultMessageSourceResolvable: codes [courseRequestDTO.category,category]; arguments []; default message [category]]; default message [must not be blank]] [Field error in object 'courseRequestDTO' on field 'name': rejected value [null]; codes [NotNull.courseRequestDTO.name,NotNull.name,NotNull.java.lang.String,NotNull]; arguments [org.springframework.context.support.DefaultMessageSourceResolvable: codes [courseRequestDTO.name,name]; arguments []; default message [name]]; default message [must not be null]] [Field error in object 'courseRequestDTO' on field 'lessons': rejected value [[]]; codes [NotEmpty.courseRequestDTO.lessons,NotEmpty.lessons,NotEmpty.java.util.List,NotEmpty]; arguments [org.springframework.context.support.DefaultMessageSourceResolvable: codes [courseRequestDTO.lessons,lessons]; arguments []; default message [lessons]]; default message [must not be empty]] ]
2026-10-07T20:27:22.798-05:00  INFO 14368 --- [test] [           main] o.s.mock.web.MockServletContext          : Initializing Spring TestDispatcherServlet ''
2026-10-07T20:27:22.798-05:00  INFO 14368 --- [test] [           main] o.s.t.web.servlet.TestDispatcherServlet  : Initializing Servlet ''
2026-10-07T20:27:22.798-05:00  INFO 14368 --- [test] [           main] o.s.t.web.servlet.TestDispatcherServlet  : Completed initialization in 0 ms
2026-10-07T20:27:22.804-05:00  WARN 14368 --- [test] [           main] o.h.v.i.m.a.CascadingMetaDataBuilder     : HV000271: Using `@Valid` on a container (java.util.List) is deprecated. You should apply the annotation on the type argument(s). Affected element: CourseRequestDTO#com.loiane.course.dto.CourseRequestDTO(String, String, List)
2026-10-07T20:27:22.805-05:00  WARN 14368 --- [test] [           main] o.h.v.i.m.a.CascadingMetaDataBuilder     : HV000271: Using `@Valid` on a container (java.util.List) is deprecated. You should apply the annotation on the type argument(s). Affected element: lessons
2026-10-07T20:27:22.805-05:00  WARN 14368 --- [test] [           main] o.h.v.i.m.a.CascadingMetaDataBuilder     : HV000271: Using `@Valid` on a container (java.util.List) is deprecated. You should apply the annotation on the type argument(s). Affected element: CourseRequestDTO#lessons()
2026-10-07T20:27:22.815-05:00  WARN 14368 --- [test] [           main] .w.s.m.s.DefaultHandlerExceptionResolver : Resolved [org.springframework.web.bind.MethodArgumentNotValidException: Validation failed for argument [1] in public com.loiane.course.dto.CourseDTO com.loiane.course.CourseController.update(java.lang.Long,com.loiane.course.dto.CourseRequestDTO) with 3 errors: [Field error in object 'courseRequestDTO' on field 'name': rejected value [null]; codes [NotBlank.courseRequestDTO.name,NotBlank.name,NotBlank.java.lang.String,NotBlank]; arguments [org.springframework.context.support.DefaultMessageSourceResolvable: codes [courseRequestDTO.name,name]; arguments []; default message [name]]; default message [must not be blank]] [Field error in object 'courseRequestDTO' on field 'lessons': rejected value [[]]; codes [NotEmpty.courseRequestDTO.lessons,NotEmpty.lessons,NotEmpty.java.util.List,NotEmpty]; arguments [org.springframework.context.support.DefaultMessageSourceResolvable: codes [courseRequestDTO.lessons,lessons]; arguments []; default message [lessons]]; default message [must not be empty]] [Field error in object 'courseRequestDTO' on field 'name': rejected value [null]; codes [NotNull.courseRequestDTO.name,NotNull.name,NotNull.java.lang.String,NotNull]; arguments [org.springframework.context.support.DefaultMessageSourceResolvable: codes [courseRequestDTO.name,name]; arguments []; default message [name]]; default message [must not be null]] ]
2026-10-07T20:27:22.826-05:00  INFO 14368 --- [test] [           main] o.s.mock.web.MockServletContext          : Initializing Spring TestDispatcherServlet ''
2026-10-07T20:27:22.826-05:00  INFO 14368 --- [test] [           main] o.s.t.web.servlet.TestDispatcherServlet  : Initializing Servlet ''
2026-10-07T20:27:22.826-05:00  INFO 14368 --- [test] [           main] o.s.t.web.servlet.TestDispatcherServlet  : Completed initialization in 0 ms
2026-10-07T20:27:22.832-05:00  WARN 14368 --- [test] [           main] o.h.v.i.m.a.CascadingMetaDataBuilder     : HV000271: Using `@Valid` on a container (java.util.List) is deprecated. You should apply the annotation on the type argument(s). Affected element: CourseRequestDTO#com.loiane.course.dto.CourseRequestDTO(String, String, List)
2026-10-07T20:27:22.832-05:00  WARN 14368 --- [test] [           main] o.h.v.i.m.a.CascadingMetaDataBuilder     : HV000271: Using `@Valid` on a container (java.util.List) is deprecated. You should apply the annotation on the type argument(s). Affected element: lessons
2026-10-07T20:27:22.832-05:00  WARN 14368 --- [test] [           main] o.h.v.i.m.a.CascadingMetaDataBuilder     : HV000271: Using `@Valid` on a container (java.util.List) is deprecated. You should apply the annotation on the type argument(s). Affected element: CourseRequestDTO#lessons()
2026-10-07T20:27:22.844-05:00  WARN 14368 --- [test] [           main] .w.s.m.s.DefaultHandlerExceptionResolver : Resolved [org.springframework.web.bind.MethodArgumentNotValidException: Validation failed for argument [1] in public com.loiane.course.dto.CourseDTO com.loiane.course.CourseController.update(java.lang.Long,com.loiane.course.dto.CourseRequestDTO) with 4 errors: [Field error in object 'courseRequestDTO' on field 'name': rejected value []; codes [NotBlank.courseRequestDTO.name,NotBlank.name,NotBlank.java.lang.String,NotBlank]; arguments [org.springframework.context.support.DefaultMessageSourceResolvable: codes [courseRequestDTO.name,name]; arguments []; default message [name]]; default message [must not be blank]] [Field error in object 'courseRequestDTO' on field 'name': rejected value []; codes [Length.courseRequestDTO.name,Length.name,Length.java.lang.String,Length]; arguments [org.springframework.context.support.DefaultMessageSourceResolvable: codes [courseRequestDTO.name,name]; arguments []; default message [name],150,5]; default message [length must be between 5 and 150]] [Field error in object 'courseRequestDTO' on field 'lessons': rejected value [[]]; codes [NotEmpty.courseRequestDTO.lessons,NotEmpty.lessons,NotEmpty.java.util.List,NotEmpty]; arguments [org.springframework.context.support.DefaultMessageSourceResolvable: codes [courseRequestDTO.lessons,lessons]; arguments []; default message [lessons]]; default message [must not be empty]] [Field error in object 'courseRequestDTO' on field 'name': rejected value []; codes [ValidCourseName.courseRequestDTO.name,ValidCourseName.name,ValidCourseName.java.lang.String,ValidCourseName]; arguments [org.springframework.context.support.DefaultMessageSourceResolvable: codes [courseRequestDTO.name,name]; arguments []; default message [name]]; default message [Course name contains invalid characters]] ]
2026-10-07T20:27:22.856-05:00  INFO 14368 --- [test] [           main] o.s.mock.web.MockServletContext          : Initializing Spring TestDispatcherServlet ''
2026-10-07T20:27:22.856-05:00  INFO 14368 --- [test] [           main] o.s.t.web.servlet.TestDispatcherServlet  : Initializing Servlet ''
2026-10-07T20:27:22.856-05:00  INFO 14368 --- [test] [           main] o.s.t.web.servlet.TestDispatcherServlet  : Completed initialization in 0 ms
2026-10-07T20:27:22.863-05:00  WARN 14368 --- [test] [           main] o.h.v.i.m.a.CascadingMetaDataBuilder     : HV000271: Using `@Valid` on a container (java.util.List) is deprecated. You should apply the annotation on the type argument(s). Affected element: CourseRequestDTO#com.loiane.course.dto.CourseRequestDTO(String, String, List)
2026-10-07T20:27:22.864-05:00  WARN 14368 --- [test] [           main] o.h.v.i.m.a.CascadingMetaDataBuilder     : HV000271: Using `@Valid` on a container (java.util.List) is deprecated. You should apply the annotation on the type argument(s). Affected element: lessons
2026-10-07T20:27:22.864-05:00  WARN 14368 --- [test] [           main] o.h.v.i.m.a.CascadingMetaDataBuilder     : HV000271: Using `@Valid` on a container (java.util.List) is deprecated. You should apply the annotation on the type argument(s). Affected element: CourseRequestDTO#lessons()
2026-10-07T20:27:22.877-05:00  WARN 14368 --- [test] [           main] .w.s.m.s.DefaultHandlerExceptionResolver : Resolved [org.springframework.web.bind.MethodArgumentNotValidException: Validation failed for argument [1] in public com.loiane.course.dto.CourseDTO com.loiane.course.CourseController.update(java.lang.Long,com.loiane.course.dto.CourseRequestDTO) with 2 errors: [Field error in object 'courseRequestDTO' on field 'lessons': rejected value [[]]; codes [NotEmpty.courseRequestDTO.lessons,NotEmpty.lessons,NotEmpty.java.util.List,NotEmpty]; arguments [org.springframework.context.support.DefaultMessageSourceResolvable: codes [courseRequestDTO.lessons,lessons]; arguments []; default message [lessons]]; default message [must not be empty]] [Field error in object 'courseRequestDTO' on field 'name': rejected value [Spr]; codes [Length.courseRequestDTO.name,Length.name,Length.java.lang.String,Length]; arguments [org.springframework.context.support.DefaultMessageSourceResolvable: codes [courseRequestDTO.name,name]; arguments []; default message [name],150,5]; default message [length must be between 5 and 150]] ]
2026-10-07T20:27:22.889-05:00  INFO 14368 --- [test] [           main] o.s.mock.web.MockServletContext          : Initializing Spring TestDispatcherServlet ''
2026-10-07T20:27:22.890-05:00  INFO 14368 --- [test] [           main] o.s.t.web.servlet.TestDispatcherServlet  : Initializing Servlet ''
2026-10-07T20:27:22.890-05:00  INFO 14368 --- [test] [           main] o.s.t.web.servlet.TestDispatcherServlet  : Completed initialization in 0 ms
2026-10-07T20:27:22.896-05:00  WARN 14368 --- [test] [           main] o.h.v.i.m.a.CascadingMetaDataBuilder     : HV000271: Using `@Valid` on a container (java.util.List) is deprecated. You should apply the annotation on the type argument(s). Affected element: CourseRequestDTO#com.loiane.course.dto.CourseRequestDTO(String, String, List)
2026-10-07T20:27:22.897-05:00  WARN 14368 --- [test] [           main] o.h.v.i.m.a.CascadingMetaDataBuilder     : HV000271: Using `@Valid` on a container (java.util.List) is deprecated. You should apply the annotation on the type argument(s). Affected element: lessons
2026-10-07T20:27:22.897-05:00  WARN 14368 --- [test] [           main] o.h.v.i.m.a.CascadingMetaDataBuilder     : HV000271: Using `@Valid` on a container (java.util.List) is deprecated. You should apply the annotation on the type argument(s). Affected element: CourseRequestDTO#lessons()
2026-10-07T20:27:22.909-05:00  WARN 14368 --- [test] [           main] .w.s.m.s.DefaultHandlerExceptionResolver : Resolved [org.springframework.web.bind.MethodArgumentNotValidException: Validation failed for argument [1] in public com.loiane.course.dto.CourseDTO com.loiane.course.CourseController.update(java.lang.Long,com.loiane.course.dto.CourseRequestDTO) with 3 errors: [Field error in object 'courseRequestDTO' on field 'name': rejected value [Lorem ipsum dolor sit amet, consectetur adipiscing elit. Nunc et quam nec diam tristique mollis eget quis urna. Sed dapibus lectus in arcu rutrum, non luctus sem finibus. Cras nisl neque, pellentesque et tortor id, dapibus auctor turpis.]; codes [Length.courseRequestDTO.name,Length.name,Length.java.lang.String,Length]; arguments [org.springframework.context.support.DefaultMessageSourceResolvable: codes [courseRequestDTO.name,name]; arguments []; default message [name],150,5]; default message [length must be between 5 and 150]] [Field error in object 'courseRequestDTO' on field 'name': rejected value [Lorem ipsum dolor sit amet, consectetur adipiscing elit. Nunc et quam nec diam tristique mollis eget quis urna. Sed dapibus lectus in arcu rutrum, non luctus sem finibus. Cras nisl neque, pellentesque et tortor id, dapibus auctor turpis.]; codes [ValidCourseName.courseRequestDTO.name,ValidCourseName.name,ValidCourseName.java.lang.String,ValidCourseName]; arguments [org.springframework.context.support.DefaultMessageSourceResolvable: codes [courseRequestDTO.name,name]; arguments []; default message [name]]; default message [Course name appears to contain test or placeholder content]] [Field error in object 'courseRequestDTO' on field 'lessons': rejected value [[]]; codes [NotEmpty.courseRequestDTO.lessons,NotEmpty.lessons,NotEmpty.java.util.List,NotEmpty]; arguments [org.springframework.context.support.DefaultMessageSourceResolvable: codes [courseRequestDTO.lessons,lessons]; arguments []; default message [lessons]]; default message [must not be empty]] ]
2026-10-07T20:27:22.919-05:00  INFO 14368 --- [test] [           main] o.s.mock.web.MockServletContext          : Initializing Spring TestDispatcherServlet ''
2026-10-07T20:27:22.919-05:00  INFO 14368 --- [test] [           main] o.s.t.web.servlet.TestDispatcherServlet  : Initializing Servlet ''
2026-10-07T20:27:22.919-05:00  INFO 14368 --- [test] [           main] o.s.t.web.servlet.TestDispatcherServlet  : Completed initialization in 0 ms
2026-10-07T20:27:22.925-05:00  WARN 14368 --- [test] [           main] o.h.v.i.m.a.CascadingMetaDataBuilder     : HV000271: Using `@Valid` on a container (java.util.List) is deprecated. You should apply the annotation on the type argument(s). Affected element: CourseRequestDTO#com.loiane.course.dto.CourseRequestDTO(String, String, List)
2026-10-07T20:27:22.925-05:00  WARN 14368 --- [test] [           main] o.h.v.i.m.a.CascadingMetaDataBuilder     : HV000271: Using `@Valid` on a container (java.util.List) is deprecated. You should apply the annotation on the type argument(s). Affected element: lessons
2026-10-07T20:27:22.926-05:00  WARN 14368 --- [test] [           main] o.h.v.i.m.a.CascadingMetaDataBuilder     : HV000271: Using `@Valid` on a container (java.util.List) is deprecated. You should apply the annotation on the type argument(s). Affected element: CourseRequestDTO#lessons()
2026-10-07T20:27:22.938-05:00  WARN 14368 --- [test] [           main] .w.s.m.s.DefaultHandlerExceptionResolver : Resolved [org.springframework.web.bind.MethodArgumentNotValidException: Validation failed for argument [1] in public com.loiane.course.dto.CourseDTO com.loiane.course.CourseController.update(java.lang.Long,com.loiane.course.dto.CourseRequestDTO) with 3 errors: [Field error in object 'courseRequestDTO' on field 'category': rejected value [null]; codes [NotNull.courseRequestDTO.category,NotNull.category,NotNull.java.lang.String,NotNull]; arguments [org.springframework.context.support.DefaultMessageSourceResolvable: codes [courseRequestDTO.category,category]; arguments []; default message [category]]; default message [must not be null]] [Field error in object 'courseRequestDTO' on field 'category': rejected value [null]; codes [NotBlank.courseRequestDTO.category,NotBlank.category,NotBlank.java.lang.String,NotBlank]; arguments [org.springframework.context.support.DefaultMessageSourceResolvable: codes [courseRequestDTO.category,category]; arguments []; default message [category]]; default message [must not be blank]] [Field error in object 'courseRequestDTO' on field 'lessons': rejected value [[]]; codes [NotEmpty.courseRequestDTO.lessons,NotEmpty.lessons,NotEmpty.java.util.List,NotEmpty]; arguments [org.springframework.context.support.DefaultMessageSourceResolvable: codes [courseRequestDTO.lessons,lessons]; arguments []; default message [lessons]]; default message [must not be empty]] ]
2026-10-07T20:27:22.948-05:00  INFO 14368 --- [test] [           main] o.s.mock.web.MockServletContext          : Initializing Spring TestDispatcherServlet ''
2026-10-07T20:27:22.948-05:00  INFO 14368 --- [test] [           main] o.s.t.web.servlet.TestDispatcherServlet  : Initializing Servlet ''
2026-10-07T20:27:22.948-05:00  INFO 14368 --- [test] [           main] o.s.t.web.servlet.TestDispatcherServlet  : Completed initialization in 0 ms
2026-10-07T20:27:22.954-05:00  WARN 14368 --- [test] [           main] o.h.v.i.m.a.CascadingMetaDataBuilder     : HV000271: Using `@Valid` on a container (java.util.List) is deprecated. You should apply the annotation on the type argument(s). Affected element: CourseRequestDTO#com.loiane.course.dto.CourseRequestDTO(String, String, List)
2026-10-07T20:27:22.955-05:00  WARN 14368 --- [test] [           main] o.h.v.i.m.a.CascadingMetaDataBuilder     : HV000271: Using `@Valid` on a container (java.util.List) is deprecated. You should apply the annotation on the type argument(s). Affected element: lessons
2026-10-07T20:27:22.955-05:00  WARN 14368 --- [test] [           main] o.h.v.i.m.a.CascadingMetaDataBuilder     : HV000271: Using `@Valid` on a container (java.util.List) is deprecated. You should apply the annotation on the type argument(s). Affected element: CourseRequestDTO#lessons()
2026-10-07T20:27:22.965-05:00  WARN 14368 --- [test] [           main] .w.s.m.s.DefaultHandlerExceptionResolver : Resolved [org.springframework.web.bind.MethodArgumentNotValidException: Validation failed for argument [1] in public com.loiane.course.dto.CourseDTO com.loiane.course.CourseController.update(java.lang.Long,com.loiane.course.dto.CourseRequestDTO): [Field error in object 'courseRequestDTO' on field 'lessons': rejected value [[]]; codes [NotEmpty.courseRequestDTO.lessons,NotEmpty.lessons,NotEmpty.java.util.List,NotEmpty]; arguments [org.springframework.context.support.DefaultMessageSourceResolvable: codes [courseRequestDTO.lessons,lessons]; arguments []; default message [lessons]]; default message [must not be empty]] ]
2026-10-07T20:27:22.996-05:00  INFO 14368 --- [test] [           main] o.s.mock.web.MockServletContext          : Initializing Spring TestDispatcherServlet ''
2026-10-07T20:27:22.996-05:00  INFO 14368 --- [test] [           main] o.s.t.web.servlet.TestDispatcherServlet  : Initializing Servlet ''
2026-10-07T20:27:22.996-05:00  INFO 14368 --- [test] [           main] o.s.t.web.servlet.TestDispatcherServlet  : Completed initialization in 0 ms
2026-10-07T20:27:23.017-05:00  INFO 14368 --- [test] [           main] o.s.mock.web.MockServletContext          : Initializing Spring TestDispatcherServlet ''
2026-10-07T20:27:23.017-05:00  INFO 14368 --- [test] [           main] o.s.t.web.servlet.TestDispatcherServlet  : Initializing Servlet ''
2026-10-07T20:27:23.018-05:00  INFO 14368 --- [test] [           main] o.s.t.web.servlet.TestDispatcherServlet  : Completed initialization in 0 ms
2026-10-07T20:27:23.177-05:00  INFO 14368 --- [test] [           main] o.s.mock.web.MockServletContext          : Initializing Spring TestDispatcherServlet ''
2026-10-07T20:27:23.177-05:00  INFO 14368 --- [test] [           main] o.s.t.web.servlet.TestDispatcherServlet  : Initializing Servlet ''
2026-10-07T20:27:23.177-05:00  INFO 14368 --- [test] [           main] o.s.t.web.servlet.TestDispatcherServlet  : Completed initialization in 0 ms
2026-10-07T20:27:23.201-05:00  INFO 14368 --- [test] [           main] o.s.mock.web.MockServletContext          : Initializing Spring TestDispatcherServlet ''
2026-10-07T20:27:23.202-05:00  INFO 14368 --- [test] [           main] o.s.t.web.servlet.TestDispatcherServlet  : Initializing Servlet ''
2026-10-07T20:27:23.202-05:00  INFO 14368 --- [test] [           main] o.s.t.web.servlet.TestDispatcherServlet  : Completed initialization in 0 ms
2026-10-07T20:27:23.222-05:00  INFO 14368 --- [test] [           main] o.s.mock.web.MockServletContext          : Initializing Spring TestDispatcherServlet ''
2026-10-07T20:27:23.222-05:00  INFO 14368 --- [test] [           main] o.s.t.web.servlet.TestDispatcherServlet  : Initializing Servlet ''
2026-10-07T20:27:23.222-05:00  INFO 14368 --- [test] [           main] o.s.t.web.servlet.TestDispatcherServlet  : Completed initialization in 0 ms
2026-10-07T20:27:23.244-05:00  INFO 14368 --- [test] [           main] o.s.mock.web.MockServletContext          : Initializing Spring TestDispatcherServlet ''
2026-10-07T20:27:23.244-05:00  INFO 14368 --- [test] [           main] o.s.t.web.servlet.TestDispatcherServlet  : Initializing Servlet ''
2026-10-07T20:27:23.244-05:00  INFO 14368 --- [test] [           main] o.s.t.web.servlet.TestDispatcherServlet  : Completed initialization in 0 ms
2026-10-07T20:27:23.266-05:00  INFO 14368 --- [test] [           main] o.s.mock.web.MockServletContext          : Initializing Spring TestDispatcherServlet ''
2026-10-07T20:27:23.266-05:00  INFO 14368 --- [test] [           main] o.s.t.web.servlet.TestDispatcherServlet  : Initializing Servlet ''
2026-10-07T20:27:23.266-05:00  INFO 14368 --- [test] [           main] o.s.t.web.servlet.TestDispatcherServlet  : Completed initialization in 0 ms
2026-10-07T20:27:23.290-05:00  INFO 14368 --- [test] [           main] o.s.mock.web.MockServletContext          : Initializing Spring TestDispatcherServlet ''
2026-10-07T20:27:23.290-05:00  INFO 14368 --- [test] [           main] o.s.t.web.servlet.TestDispatcherServlet  : Initializing Servlet ''
2026-10-07T20:27:23.290-05:00  INFO 14368 --- [test] [           main] o.s.t.web.servlet.TestDispatcherServlet  : Completed initialization in 0 ms
2026-10-07T20:27:23.296-05:00  WARN 14368 --- [test] [           main] o.h.v.i.m.a.CascadingMetaDataBuilder     : HV000271: Using `@Valid` on a container (java.util.List) is deprecated. You should apply the annotation on the type argument(s). Affected element: CourseRequestDTO#com.loiane.course.dto.CourseRequestDTO(String, String, List)
2026-10-07T20:27:23.296-05:00  WARN 14368 --- [test] [           main] o.h.v.i.m.a.CascadingMetaDataBuilder     : HV000271: Using `@Valid` on a container (java.util.List) is deprecated. You should apply the annotation on the type argument(s). Affected element: lessons
2026-10-07T20:27:23.296-05:00  WARN 14368 --- [test] [           main] o.h.v.i.m.a.CascadingMetaDataBuilder     : HV000271: Using `@Valid` on a container (java.util.List) is deprecated. You should apply the annotation on the type argument(s). Affected element: CourseRequestDTO#lessons()
2026-10-07T20:27:23.313-05:00  WARN 14368 --- [test] [           main] o.h.v.i.m.a.CascadingMetaDataBuilder     : HV000271: Using `@Valid` on a container (java.util.List) is deprecated. You should apply the annotation on the type argument(s). Affected element: CourseRequestDTO#com.loiane.course.dto.CourseRequestDTO(String, String, List)
2026-10-07T20:27:23.314-05:00  WARN 14368 --- [test] [           main] o.h.v.i.m.a.CascadingMetaDataBuilder     : HV000271: Using `@Valid` on a container (java.util.List) is deprecated. You should apply the annotation on the type argument(s). Affected element: lessons
2026-10-07T20:27:23.314-05:00  WARN 14368 --- [test] [           main] o.h.v.i.m.a.CascadingMetaDataBuilder     : HV000271: Using `@Valid` on a container (java.util.List) is deprecated. You should apply the annotation on the type argument(s). Affected element: CourseRequestDTO#lessons()
2026-10-07T20:27:23.349-05:00  INFO 14368 --- [test] [           main] o.s.mock.web.MockServletContext          : Initializing Spring TestDispatcherServlet ''
2026-10-07T20:27:23.350-05:00  INFO 14368 --- [test] [           main] o.s.t.web.servlet.TestDispatcherServlet  : Initializing Servlet ''
2026-10-07T20:27:23.350-05:00  INFO 14368 --- [test] [           main] o.s.t.web.servlet.TestDispatcherServlet  : Completed initialization in 0 ms
2026-10-07T20:27:23.356-05:00  WARN 14368 --- [test] [           main] o.h.v.i.m.a.CascadingMetaDataBuilder     : HV000271: Using `@Valid` on a container (java.util.List) is deprecated. You should apply the annotation on the type argument(s). Affected element: CourseRequestDTO#com.loiane.course.dto.CourseRequestDTO(String, String, List)
2026-10-07T20:27:23.357-05:00  WARN 14368 --- [test] [           main] o.h.v.i.m.a.CascadingMetaDataBuilder     : HV000271: Using `@Valid` on a container (java.util.List) is deprecated. You should apply the annotation on the type argument(s). Affected element: lessons
2026-10-07T20:27:23.357-05:00  WARN 14368 --- [test] [           main] o.h.v.i.m.a.CascadingMetaDataBuilder     : HV000271: Using `@Valid` on a container (java.util.List) is deprecated. You should apply the annotation on the type argument(s). Affected element: CourseRequestDTO#lessons()
2026-10-07T20:27:23.375-05:00  WARN 14368 --- [test] [           main] o.h.v.i.m.a.CascadingMetaDataBuilder     : HV000271: Using `@Valid` on a container (java.util.List) is deprecated. You should apply the annotation on the type argument(s). Affected element: CourseRequestDTO#com.loiane.course.dto.CourseRequestDTO(String, String, List)
2026-10-07T20:27:23.375-05:00  WARN 14368 --- [test] [           main] o.h.v.i.m.a.CascadingMetaDataBuilder     : HV000271: Using `@Valid` on a container (java.util.List) is deprecated. You should apply the annotation on the type argument(s). Affected element: lessons
2026-10-07T20:27:23.376-05:00  WARN 14368 --- [test] [           main] o.h.v.i.m.a.CascadingMetaDataBuilder     : HV000271: Using `@Valid` on a container (java.util.List) is deprecated. You should apply the annotation on the type argument(s). Affected element: CourseRequestDTO#lessons()
2026-10-07T20:27:23.409-05:00  INFO 14368 --- [test] [           main] o.s.mock.web.MockServletContext          : Initializing Spring TestDispatcherServlet ''
2026-10-07T20:27:23.409-05:00  INFO 14368 --- [test] [           main] o.s.t.web.servlet.TestDispatcherServlet  : Initializing Servlet ''
2026-10-07T20:27:23.409-05:00  INFO 14368 --- [test] [           main] o.s.t.web.servlet.TestDispatcherServlet  : Completed initialization in 0 ms
2026-10-07T20:27:23.430-05:00  INFO 14368 --- [test] [           main] o.s.mock.web.MockServletContext          : Initializing Spring TestDispatcherServlet ''
2026-10-07T20:27:23.431-05:00  INFO 14368 --- [test] [           main] o.s.t.web.servlet.TestDispatcherServlet  : Initializing Servlet ''
2026-10-07T20:27:23.431-05:00  INFO 14368 --- [test] [           main] o.s.t.web.servlet.TestDispatcherServlet  : Completed initialization in 0 ms
2026-10-07T20:27:23.436-05:00  WARN 14368 --- [test] [           main] o.h.v.i.m.a.CascadingMetaDataBuilder     : HV000271: Using `@Valid` on a container (java.util.List) is deprecated. You should apply the annotation on the type argument(s). Affected element: CourseRequestDTO#com.loiane.course.dto.CourseRequestDTO(String, String, List)
2026-10-07T20:27:23.437-05:00  WARN 14368 --- [test] [           main] o.h.v.i.m.a.CascadingMetaDataBuilder     : HV000271: Using `@Valid` on a container (java.util.List) is deprecated. You should apply the annotation on the type argument(s). Affected element: lessons
2026-10-07T20:27:23.438-05:00  WARN 14368 --- [test] [           main] o.h.v.i.m.a.CascadingMetaDataBuilder     : HV000271: Using `@Valid` on a container (java.util.List) is deprecated. You should apply the annotation on the type argument(s). Affected element: CourseRequestDTO#lessons()
2026-10-07T20:27:23.453-05:00  WARN 14368 --- [test] [           main] o.h.v.i.m.a.CascadingMetaDataBuilder     : HV000271: Using `@Valid` on a container (java.util.List) is deprecated. You should apply the annotation on the type argument(s). Affected element: CourseRequestDTO#com.loiane.course.dto.CourseRequestDTO(String, String, List)
2026-10-07T20:27:23.453-05:00  WARN 14368 --- [test] [           main] o.h.v.i.m.a.CascadingMetaDataBuilder     : HV000271: Using `@Valid` on a container (java.util.List) is deprecated. You should apply the annotation on the type argument(s). Affected element: lessons
2026-10-07T20:27:23.455-05:00  WARN 14368 --- [test] [           main] o.h.v.i.m.a.CascadingMetaDataBuilder     : HV000271: Using `@Valid` on a container (java.util.List) is deprecated. You should apply the annotation on the type argument(s). Affected element: CourseRequestDTO#lessons()
2026-10-07T20:27:23.489-05:00  INFO 14368 --- [test] [           main] o.s.mock.web.MockServletContext          : Initializing Spring TestDispatcherServlet ''
2026-10-07T20:27:23.489-05:00  INFO 14368 --- [test] [           main] o.s.t.web.servlet.TestDispatcherServlet  : Initializing Servlet ''
2026-10-07T20:27:23.489-05:00  INFO 14368 --- [test] [           main] o.s.t.web.servlet.TestDispatcherServlet  : Completed initialization in 0 ms
2026-10-07T20:27:23.494-05:00  WARN 14368 --- [test] [           main] o.h.v.i.m.a.CascadingMetaDataBuilder     : HV000271: Using `@Valid` on a container (java.util.List) is deprecated. You should apply the annotation on the type argument(s). Affected element: CourseRequestDTO#com.loiane.course.dto.CourseRequestDTO(String, String, List)
2026-10-07T20:27:23.494-05:00  WARN 14368 --- [test] [           main] o.h.v.i.m.a.CascadingMetaDataBuilder     : HV000271: Using `@Valid` on a container (java.util.List) is deprecated. You should apply the annotation on the type argument(s). Affected element: lessons
2026-10-07T20:27:23.494-05:00  WARN 14368 --- [test] [           main] o.h.v.i.m.a.CascadingMetaDataBuilder     : HV000271: Using `@Valid` on a container (java.util.List) is deprecated. You should apply the annotation on the type argument(s). Affected element: CourseRequestDTO#lessons()
2026-10-07T20:27:23.506-05:00  WARN 14368 --- [test] [           main] .w.s.m.s.DefaultHandlerExceptionResolver : Resolved [org.springframework.web.bind.MethodArgumentNotValidException: Validation failed for argument [0] in public com.loiane.course.dto.CourseDTO com.loiane.course.CourseController.create(com.loiane.course.dto.CourseRequestDTO) with 5 errors: [Field error in object 'courseRequestDTO' on field 'lessons': rejected value [[]]; codes [NotEmpty.courseRequestDTO.lessons,NotEmpty.lessons,NotEmpty.java.util.List,NotEmpty]; arguments [org.springframework.context.support.DefaultMessageSourceResolvable: codes [courseRequestDTO.lessons,lessons]; arguments []; default message [lessons]]; default message [must not be empty]] [Field error in object 'courseRequestDTO' on field 'category': rejected value [null]; codes [NotBlank.courseRequestDTO.category,NotBlank.category,NotBlank.java.lang.String,NotBlank]; arguments [org.springframework.context.support.DefaultMessageSourceResolvable: codes [courseRequestDTO.category,category]; arguments []; default message [category]]; default message [must not be blank]] [Field error in object 'courseRequestDTO' on field 'name': rejected value [null]; codes [NotNull.courseRequestDTO.name,NotNull.name,NotNull.java.lang.String,NotNull]; arguments [org.springframework.context.support.DefaultMessageSourceResolvable: codes [courseRequestDTO.name,name]; arguments []; default message [name]]; default message [must not be null]] [Field error in object 'courseRequestDTO' on field 'name': rejected value [null]; codes [NotBlank.courseRequestDTO.name,NotBlank.name,NotBlank.java.lang.String,NotBlank]; arguments [org.springframework.context.support.DefaultMessageSourceResolvable: codes [courseRequestDTO.name,name]; arguments []; default message [name]]; default message [must not be blank]] [Field error in object 'courseRequestDTO' on field 'category': rejected value [null]; codes [NotNull.courseRequestDTO.category,NotNull.category,NotNull.java.lang.String,NotNull]; arguments [org.springframework.context.support.DefaultMessageSourceResolvable: codes [courseRequestDTO.category,category]; arguments []; default message [category]]; default message [must not be null]] ]
2026-10-07T20:27:23.513-05:00  INFO 14368 --- [test] [           main] o.s.mock.web.MockServletContext          : Initializing Spring TestDispatcherServlet ''
2026-10-07T20:27:23.513-05:00  INFO 14368 --- [test] [           main] o.s.t.web.servlet.TestDispatcherServlet  : Initializing Servlet ''
2026-10-07T20:27:23.513-05:00  INFO 14368 --- [test] [           main] o.s.t.web.servlet.TestDispatcherServlet  : Completed initialization in 0 ms
2026-10-07T20:27:23.519-05:00  WARN 14368 --- [test] [           main] o.h.v.i.m.a.CascadingMetaDataBuilder     : HV000271: Using `@Valid` on a container (java.util.List) is deprecated. You should apply the annotation on the type argument(s). Affected element: CourseRequestDTO#com.loiane.course.dto.CourseRequestDTO(String, String, List)
2026-10-07T20:27:23.521-05:00  WARN 14368 --- [test] [           main] o.h.v.i.m.a.CascadingMetaDataBuilder     : HV000271: Using `@Valid` on a container (java.util.List) is deprecated. You should apply the annotation on the type argument(s). Affected element: lessons
2026-10-07T20:27:23.522-05:00  WARN 14368 --- [test] [           main] o.h.v.i.m.a.CascadingMetaDataBuilder     : HV000271: Using `@Valid` on a container (java.util.List) is deprecated. You should apply the annotation on the type argument(s). Affected element: CourseRequestDTO#lessons()
2026-10-07T20:27:23.531-05:00  WARN 14368 --- [test] [           main] .w.s.m.s.DefaultHandlerExceptionResolver : Resolved [org.springframework.web.bind.MethodArgumentNotValidException: Validation failed for argument [0] in public com.loiane.course.dto.CourseDTO com.loiane.course.CourseController.create(com.loiane.course.dto.CourseRequestDTO) with 3 errors: [Field error in object 'courseRequestDTO' on field 'name': rejected value [null]; codes [NotBlank.courseRequestDTO.name,NotBlank.name,NotBlank.java.lang.String,NotBlank]; arguments [org.springframework.context.support.DefaultMessageSourceResolvable: codes [courseRequestDTO.name,name]; arguments []; default message [name]]; default message [must not be blank]] [Field error in object 'courseRequestDTO' on field 'lessons': rejected value [[]]; codes [NotEmpty.courseRequestDTO.lessons,NotEmpty.lessons,NotEmpty.java.util.List,NotEmpty]; arguments [org.springframework.context.support.DefaultMessageSourceResolvable: codes [courseRequestDTO.lessons,lessons]; arguments []; default message [lessons]]; default message [must not be empty]] [Field error in object 'courseRequestDTO' on field 'name': rejected value [null]; codes [NotNull.courseRequestDTO.name,NotNull.name,NotNull.java.lang.String,NotNull]; arguments [org.springframework.context.support.DefaultMessageSourceResolvable: codes [courseRequestDTO.name,name]; arguments []; default message [name]]; default message [must not be null]] ]
2026-10-07T20:27:23.541-05:00  INFO 14368 --- [test] [           main] o.s.mock.web.MockServletContext          : Initializing Spring TestDispatcherServlet ''
2026-10-07T20:27:23.541-05:00  INFO 14368 --- [test] [           main] o.s.t.web.servlet.TestDispatcherServlet  : Initializing Servlet ''
2026-10-07T20:27:23.542-05:00  INFO 14368 --- [test] [           main] o.s.t.web.servlet.TestDispatcherServlet  : Completed initialization in 1 ms
2026-10-07T20:27:23.546-05:00  WARN 14368 --- [test] [           main] o.h.v.i.m.a.CascadingMetaDataBuilder     : HV000271: Using `@Valid` on a container (java.util.List) is deprecated. You should apply the annotation on the type argument(s). Affected element: CourseRequestDTO#com.loiane.course.dto.CourseRequestDTO(String, String, List)
2026-10-07T20:27:23.547-05:00  WARN 14368 --- [test] [           main] o.h.v.i.m.a.CascadingMetaDataBuilder     : HV000271: Using `@Valid` on a container (java.util.List) is deprecated. You should apply the annotation on the type argument(s). Affected element: lessons
2026-10-07T20:27:23.547-05:00  WARN 14368 --- [test] [           main] o.h.v.i.m.a.CascadingMetaDataBuilder     : HV000271: Using `@Valid` on a container (java.util.List) is deprecated. You should apply the annotation on the type argument(s). Affected element: CourseRequestDTO#lessons()
2026-10-07T20:27:23.558-05:00  WARN 14368 --- [test] [           main] .w.s.m.s.DefaultHandlerExceptionResolver : Resolved [org.springframework.web.bind.MethodArgumentNotValidException: Validation failed for argument [0] in public com.loiane.course.dto.CourseDTO com.loiane.course.CourseController.create(com.loiane.course.dto.CourseRequestDTO) with 4 errors: [Field error in object 'courseRequestDTO' on field 'name': rejected value []; codes [ValidCourseName.courseRequestDTO.name,ValidCourseName.name,ValidCourseName.java.lang.String,ValidCourseName]; arguments [org.springframework.context.support.DefaultMessageSourceResolvable: codes [courseRequestDTO.name,name]; arguments []; default message [name]]; default message [Course name contains invalid characters]] [Field error in object 'courseRequestDTO' on field 'name': rejected value []; codes [NotBlank.courseRequestDTO.name,NotBlank.name,NotBlank.java.lang.String,NotBlank]; arguments [org.springframework.context.support.DefaultMessageSourceResolvable: codes [courseRequestDTO.name,name]; arguments []; default message [name]]; default message [must not be blank]] [Field error in object 'courseRequestDTO' on field 'name': rejected value []; codes [Length.courseRequestDTO.name,Length.name,Length.java.lang.String,Length]; arguments [org.springframework.context.support.DefaultMessageSourceResolvable: codes [courseRequestDTO.name,name]; arguments []; default message [name],150,5]; default message [length must be between 5 and 150]] [Field error in object 'courseRequestDTO' on field 'lessons': rejected value [[]]; codes [NotEmpty.courseRequestDTO.lessons,NotEmpty.lessons,NotEmpty.java.util.List,NotEmpty]; arguments [org.springframework.context.support.DefaultMessageSourceResolvable: codes [courseRequestDTO.lessons,lessons]; arguments []; default message [lessons]]; default message [must not be empty]] ]
2026-10-07T20:27:23.566-05:00  INFO 14368 --- [test] [           main] o.s.mock.web.MockServletContext          : Initializing Spring TestDispatcherServlet ''
2026-10-07T20:27:23.567-05:00  INFO 14368 --- [test] [           main] o.s.t.web.servlet.TestDispatcherServlet  : Initializing Servlet ''
2026-10-07T20:27:23.567-05:00  INFO 14368 --- [test] [           main] o.s.t.web.servlet.TestDispatcherServlet  : Completed initialization in 0 ms
2026-10-07T20:27:23.574-05:00  WARN 14368 --- [test] [           main] o.h.v.i.m.a.CascadingMetaDataBuilder     : HV000271: Using `@Valid` on a container (java.util.List) is deprecated. You should apply the annotation on the type argument(s). Affected element: CourseRequestDTO#com.loiane.course.dto.CourseRequestDTO(String, String, List)
2026-10-07T20:27:23.574-05:00  WARN 14368 --- [test] [           main] o.h.v.i.m.a.CascadingMetaDataBuilder     : HV000271: Using `@Valid` on a container (java.util.List) is deprecated. You should apply the annotation on the type argument(s). Affected element: lessons
2026-10-07T20:27:23.575-05:00  WARN 14368 --- [test] [           main] o.h.v.i.m.a.CascadingMetaDataBuilder     : HV000271: Using `@Valid` on a container (java.util.List) is deprecated. You should apply the annotation on the type argument(s). Affected element: CourseRequestDTO#lessons()
2026-10-07T20:27:23.585-05:00  WARN 14368 --- [test] [           main] .w.s.m.s.DefaultHandlerExceptionResolver : Resolved [org.springframework.web.bind.MethodArgumentNotValidException: Validation failed for argument [0] in public com.loiane.course.dto.CourseDTO com.loiane.course.CourseController.create(com.loiane.course.dto.CourseRequestDTO) with 2 errors: [Field error in object 'courseRequestDTO' on field 'name': rejected value [Spr]; codes [Length.courseRequestDTO.name,Length.name,Length.java.lang.String,Length]; arguments [org.springframework.context.support.DefaultMessageSourceResolvable: codes [courseRequestDTO.name,name]; arguments []; default message [name],150,5]; default message [length must be between 5 and 150]] [Field error in object 'courseRequestDTO' on field 'lessons': rejected value [[]]; codes [NotEmpty.courseRequestDTO.lessons,NotEmpty.lessons,NotEmpty.java.util.List,NotEmpty]; arguments [org.springframework.context.support.DefaultMessageSourceResolvable: codes [courseRequestDTO.lessons,lessons]; arguments []; default message [lessons]]; default message [must not be empty]] ]
2026-10-07T20:27:23.594-05:00  INFO 14368 --- [test] [           main] o.s.mock.web.MockServletContext          : Initializing Spring TestDispatcherServlet ''
2026-10-07T20:27:23.594-05:00  INFO 14368 --- [test] [           main] o.s.t.web.servlet.TestDispatcherServlet  : Initializing Servlet ''
2026-10-07T20:27:23.594-05:00  INFO 14368 --- [test] [           main] o.s.t.web.servlet.TestDispatcherServlet  : Completed initialization in 0 ms
2026-10-07T20:27:23.599-05:00  WARN 14368 --- [test] [           main] o.h.v.i.m.a.CascadingMetaDataBuilder     : HV000271: Using `@Valid` on a container (java.util.List) is deprecated. You should apply the annotation on the type argument(s). Affected element: CourseRequestDTO#com.loiane.course.dto.CourseRequestDTO(String, String, List)
2026-10-07T20:27:23.600-05:00  WARN 14368 --- [test] [           main] o.h.v.i.m.a.CascadingMetaDataBuilder     : HV000271: Using `@Valid` on a container (java.util.List) is deprecated. You should apply the annotation on the type argument(s). Affected element: lessons
2026-10-07T20:27:23.600-05:00  WARN 14368 --- [test] [           main] o.h.v.i.m.a.CascadingMetaDataBuilder     : HV000271: Using `@Valid` on a container (java.util.List) is deprecated. You should apply the annotation on the type argument(s). Affected element: CourseRequestDTO#lessons()
2026-10-07T20:27:23.612-05:00  WARN 14368 --- [test] [           main] .w.s.m.s.DefaultHandlerExceptionResolver : Resolved [org.springframework.web.bind.MethodArgumentNotValidException: Validation failed for argument [0] in public com.loiane.course.dto.CourseDTO com.loiane.course.CourseController.create(com.loiane.course.dto.CourseRequestDTO) with 3 errors: [Field error in object 'courseRequestDTO' on field 'lessons': rejected value [[]]; codes [NotEmpty.courseRequestDTO.lessons,NotEmpty.lessons,NotEmpty.java.util.List,NotEmpty]; arguments [org.springframework.context.support.DefaultMessageSourceResolvable: codes [courseRequestDTO.lessons,lessons]; arguments []; default message [lessons]]; default message [must not be empty]] [Field error in object 'courseRequestDTO' on field 'name': rejected value [Lorem ipsum dolor sit amet, consectetur adipiscing elit. Nunc et quam nec diam tristique mollis eget quis urna. Sed dapibus lectus in arcu rutrum, non luctus sem finibus. Cras nisl neque, pellentesque et tortor id, dapibus auctor turpis.]; codes [Length.courseRequestDTO.name,Length.name,Length.java.lang.String,Length]; arguments [org.springframework.context.support.DefaultMessageSourceResolvable: codes [courseRequestDTO.name,name]; arguments []; default message [name],150,5]; default message [length must be between 5 and 150]] [Field error in object 'courseRequestDTO' on field 'name': rejected value [Lorem ipsum dolor sit amet, consectetur adipiscing elit. Nunc et quam nec diam tristique mollis eget quis urna. Sed dapibus lectus in arcu rutrum, non luctus sem finibus. Cras nisl neque, pellentesque et tortor id, dapibus auctor turpis.]; codes [ValidCourseName.courseRequestDTO.name,ValidCourseName.name,ValidCourseName.java.lang.String,ValidCourseName]; arguments [org.springframework.context.support.DefaultMessageSourceResolvable: codes [courseRequestDTO.name,name]; arguments []; default message [name]]; default message [Course name appears to contain test or placeholder content]] ]
2026-10-07T20:27:23.622-05:00  INFO 14368 --- [test] [           main] o.s.mock.web.MockServletContext          : Initializing Spring TestDispatcherServlet ''
2026-10-07T20:27:23.622-05:00  INFO 14368 --- [test] [           main] o.s.t.web.servlet.TestDispatcherServlet  : Initializing Servlet ''
2026-10-07T20:27:23.622-05:00  INFO 14368 --- [test] [           main] o.s.t.web.servlet.TestDispatcherServlet  : Completed initialization in 0 ms
2026-10-07T20:27:23.627-05:00  WARN 14368 --- [test] [           main] o.h.v.i.m.a.CascadingMetaDataBuilder     : HV000271: Using `@Valid` on a container (java.util.List) is deprecated. You should apply the annotation on the type argument(s). Affected element: CourseRequestDTO#com.loiane.course.dto.CourseRequestDTO(String, String, List)
2026-10-07T20:27:23.627-05:00  WARN 14368 --- [test] [           main] o.h.v.i.m.a.CascadingMetaDataBuilder     : HV000271: Using `@Valid` on a container (java.util.List) is deprecated. You should apply the annotation on the type argument(s). Affected element: lessons
2026-10-07T20:27:23.627-05:00  WARN 14368 --- [test] [           main] o.h.v.i.m.a.CascadingMetaDataBuilder     : HV000271: Using `@Valid` on a container (java.util.List) is deprecated. You should apply the annotation on the type argument(s). Affected element: CourseRequestDTO#lessons()
2026-10-07T20:27:23.638-05:00  WARN 14368 --- [test] [           main] .w.s.m.s.DefaultHandlerExceptionResolver : Resolved [org.springframework.web.bind.MethodArgumentNotValidException: Validation failed for argument [0] in public com.loiane.course.dto.CourseDTO com.loiane.course.CourseController.create(com.loiane.course.dto.CourseRequestDTO) with 3 errors: [Field error in object 'courseRequestDTO' on field 'lessons': rejected value [[]]; codes [NotEmpty.courseRequestDTO.lessons,NotEmpty.lessons,NotEmpty.java.util.List,NotEmpty]; arguments [org.springframework.context.support.DefaultMessageSourceResolvable: codes [courseRequestDTO.lessons,lessons]; arguments []; default message [lessons]]; default message [must not be empty]] [Field error in object 'courseRequestDTO' on field 'category': rejected value [null]; codes [NotBlank.courseRequestDTO.category,NotBlank.category,NotBlank.java.lang.String,NotBlank]; arguments [org.springframework.context.support.DefaultMessageSourceResolvable: codes [courseRequestDTO.category,category]; arguments []; default message [category]]; default message [must not be blank]] [Field error in object 'courseRequestDTO' on field 'category': rejected value [null]; codes [NotNull.courseRequestDTO.category,NotNull.category,NotNull.java.lang.String,NotNull]; arguments [org.springframework.context.support.DefaultMessageSourceResolvable: codes [courseRequestDTO.category,category]; arguments []; default message [category]]; default message [must not be null]] ]
2026-10-07T20:27:23.647-05:00  INFO 14368 --- [test] [           main] o.s.mock.web.MockServletContext          : Initializing Spring TestDispatcherServlet ''
2026-10-07T20:27:23.647-05:00  INFO 14368 --- [test] [           main] o.s.t.web.servlet.TestDispatcherServlet  : Initializing Servlet ''
2026-10-07T20:27:23.647-05:00  INFO 14368 --- [test] [           main] o.s.t.web.servlet.TestDispatcherServlet  : Completed initialization in 0 ms
2026-10-07T20:27:23.654-05:00  WARN 14368 --- [test] [           main] o.h.v.i.m.a.CascadingMetaDataBuilder     : HV000271: Using `@Valid` on a container (java.util.List) is deprecated. You should apply the annotation on the type argument(s). Affected element: CourseRequestDTO#com.loiane.course.dto.CourseRequestDTO(String, String, List)
2026-10-07T20:27:23.654-05:00  WARN 14368 --- [test] [           main] o.h.v.i.m.a.CascadingMetaDataBuilder     : HV000271: Using `@Valid` on a container (java.util.List) is deprecated. You should apply the annotation on the type argument(s). Affected element: lessons
2026-10-07T20:27:23.654-05:00  WARN 14368 --- [test] [           main] o.h.v.i.m.a.CascadingMetaDataBuilder     : HV000271: Using `@Valid` on a container (java.util.List) is deprecated. You should apply the annotation on the type argument(s). Affected element: CourseRequestDTO#lessons()
2026-10-07T20:27:23.664-05:00  WARN 14368 --- [test] [           main] .w.s.m.s.DefaultHandlerExceptionResolver : Resolved [org.springframework.web.bind.MethodArgumentNotValidException: Validation failed for argument [0] in public com.loiane.course.dto.CourseDTO com.loiane.course.CourseController.create(com.loiane.course.dto.CourseRequestDTO): [Field error in object 'courseRequestDTO' on field 'lessons': rejected value [[]]; codes [NotEmpty.courseRequestDTO.lessons,NotEmpty.lessons,NotEmpty.java.util.List,NotEmpty]; arguments [org.springframework.context.support.DefaultMessageSourceResolvable: codes [courseRequestDTO.lessons,lessons]; arguments []; default message [lessons]]; default message [must not be empty]] ]
[INFO] Tests run: 13, Failures: 0, Errors: 0, Skipped: 0, Time elapsed: 1.538 s -- in com.loiane.course.CourseControllerTest
[INFO] Running com.loiane.course.CourseServiceTest
2026-10-07T20:27:23.910-05:00  WARN 14368 --- [test] [           main] o.h.v.i.m.a.CascadingMetaDataBuilder     : HV000271: Using `@Valid` on a container (java.util.List) is deprecated. You should apply the annotation on the type argument(s). Affected element: CourseRequestDTO#com.loiane.course.dto.CourseRequestDTO(String, String, List)
2026-10-07T20:27:23.910-05:00  WARN 14368 --- [test] [           main] o.h.v.i.m.a.CascadingMetaDataBuilder     : HV000271: Using `@Valid` on a container (java.util.List) is deprecated. You should apply the annotation on the type argument(s). Affected element: lessons
2026-10-07T20:27:23.911-05:00  WARN 14368 --- [test] [           main] o.h.v.i.m.a.CascadingMetaDataBuilder     : HV000271: Using `@Valid` on a container (java.util.List) is deprecated. You should apply the annotation on the type argument(s). Affected element: CourseRequestDTO#lessons()
2026-10-07T20:27:24.013-05:00  WARN 14368 --- [test] [           main] o.h.v.i.m.a.CascadingMetaDataBuilder     : HV000271: Using `@Valid` on a container (java.util.List) is deprecated. You should apply the annotation on the type argument(s). Affected element: CourseRequestDTO#com.loiane.course.dto.CourseRequestDTO(String, String, List)
2026-10-07T20:27:24.013-05:00  WARN 14368 --- [test] [           main] o.h.v.i.m.a.CascadingMetaDataBuilder     : HV000271: Using `@Valid` on a container (java.util.List) is deprecated. You should apply the annotation on the type argument(s). Affected element: lessons
2026-10-07T20:27:24.014-05:00  WARN 14368 --- [test] [           main] o.h.v.i.m.a.CascadingMetaDataBuilder     : HV000271: Using `@Valid` on a container (java.util.List) is deprecated. You should apply the annotation on the type argument(s). Affected element: CourseRequestDTO#lessons()
2026-10-07T20:27:24.045-05:00  WARN 14368 --- [test] [           main] o.h.v.i.m.a.CascadingMetaDataBuilder     : HV000271: Using `@Valid` on a container (java.util.List) is deprecated. You should apply the annotation on the type argument(s). Affected element: CourseRequestDTO#com.loiane.course.dto.CourseRequestDTO(String, String, List)
2026-10-07T20:27:24.046-05:00  WARN 14368 --- [test] [           main] o.h.v.i.m.a.CascadingMetaDataBuilder     : HV000271: Using `@Valid` on a container (java.util.List) is deprecated. You should apply the annotation on the type argument(s). Affected element: lessons
2026-10-07T20:27:24.046-05:00  WARN 14368 --- [test] [           main] o.h.v.i.m.a.CascadingMetaDataBuilder     : HV000271: Using `@Valid` on a container (java.util.List) is deprecated. You should apply the annotation on the type argument(s). Affected element: CourseRequestDTO#lessons()
2026-10-07T20:27:24.071-05:00  WARN 14368 --- [test] [           main] o.h.v.i.m.a.CascadingMetaDataBuilder     : HV000271: Using `@Valid` on a container (java.util.List) is deprecated. You should apply the annotation on the type argument(s). Affected element: CourseRequestDTO#com.loiane.course.dto.CourseRequestDTO(String, String, List)
2026-10-07T20:27:24.071-05:00  WARN 14368 --- [test] [           main] o.h.v.i.m.a.CascadingMetaDataBuilder     : HV000271: Using `@Valid` on a container (java.util.List) is deprecated. You should apply the annotation on the type argument(s). Affected element: lessons
2026-10-07T20:27:24.071-05:00  WARN 14368 --- [test] [           main] o.h.v.i.m.a.CascadingMetaDataBuilder     : HV000271: Using `@Valid` on a container (java.util.List) is deprecated. You should apply the annotation on the type argument(s). Affected element: CourseRequestDTO#lessons()
2026-10-07T20:27:24.095-05:00  WARN 14368 --- [test] [           main] o.h.v.i.m.a.CascadingMetaDataBuilder     : HV000271: Using `@Valid` on a container (java.util.List) is deprecated. You should apply the annotation on the type argument(s). Affected element: CourseRequestDTO#com.loiane.course.dto.CourseRequestDTO(String, String, List)
2026-10-07T20:27:24.095-05:00  WARN 14368 --- [test] [           main] o.h.v.i.m.a.CascadingMetaDataBuilder     : HV000271: Using `@Valid` on a container (java.util.List) is deprecated. You should apply the annotation on the type argument(s). Affected element: lessons
2026-10-07T20:27:24.095-05:00  WARN 14368 --- [test] [           main] o.h.v.i.m.a.CascadingMetaDataBuilder     : HV000271: Using `@Valid` on a container (java.util.List) is deprecated. You should apply the annotation on the type argument(s). Affected element: CourseRequestDTO#lessons()
2026-10-07T20:27:24.128-05:00  WARN 14368 --- [test] [           main] o.h.v.i.m.a.CascadingMetaDataBuilder     : HV000271: Using `@Valid` on a container (java.util.List) is deprecated. You should apply the annotation on the type argument(s). Affected element: CourseRequestDTO#com.loiane.course.dto.CourseRequestDTO(String, String, List)
2026-10-07T20:27:24.129-05:00  WARN 14368 --- [test] [           main] o.h.v.i.m.a.CascadingMetaDataBuilder     : HV000271: Using `@Valid` on a container (java.util.List) is deprecated. You should apply the annotation on the type argument(s). Affected element: lessons
2026-10-07T20:27:24.129-05:00  WARN 14368 --- [test] [           main] o.h.v.i.m.a.CascadingMetaDataBuilder     : HV000271: Using `@Valid` on a container (java.util.List) is deprecated. You should apply the annotation on the type argument(s). Affected element: CourseRequestDTO#lessons()
2026-10-07T20:27:24.151-05:00  WARN 14368 --- [test] [           main] o.h.v.i.m.a.CascadingMetaDataBuilder     : HV000271: Using `@Valid` on a container (java.util.List) is deprecated. You should apply the annotation on the type argument(s). Affected element: CourseRequestDTO#com.loiane.course.dto.CourseRequestDTO(String, String, List)
2026-10-07T20:27:24.152-05:00  WARN 14368 --- [test] [           main] o.h.v.i.m.a.CascadingMetaDataBuilder     : HV000271: Using `@Valid` on a container (java.util.List) is deprecated. You should apply the annotation on the type argument(s). Affected element: lessons
2026-10-07T20:27:24.153-05:00  WARN 14368 --- [test] [           main] o.h.v.i.m.a.CascadingMetaDataBuilder     : HV000271: Using `@Valid` on a container (java.util.List) is deprecated. You should apply the annotation on the type argument(s). Affected element: CourseRequestDTO#lessons()
2026-10-07T20:27:24.176-05:00  WARN 14368 --- [test] [           main] o.h.v.i.m.a.CascadingMetaDataBuilder     : HV000271: Using `@Valid` on a container (java.util.List) is deprecated. You should apply the annotation on the type argument(s). Affected element: CourseRequestDTO#com.loiane.course.dto.CourseRequestDTO(String, String, List)
2026-10-07T20:27:24.176-05:00  WARN 14368 --- [test] [           main] o.h.v.i.m.a.CascadingMetaDataBuilder     : HV000271: Using `@Valid` on a container (java.util.List) is deprecated. You should apply the annotation on the type argument(s). Affected element: lessons
2026-10-07T20:27:24.177-05:00  WARN 14368 --- [test] [           main] o.h.v.i.m.a.CascadingMetaDataBuilder     : HV000271: Using `@Valid` on a container (java.util.List) is deprecated. You should apply the annotation on the type argument(s). Affected element: CourseRequestDTO#lessons()
[INFO] Tests run: 16, Failures: 0, Errors: 0, Skipped: 0, Time elapsed: 0.541 s -- in com.loiane.course.CourseServiceTest
[INFO] Running com.loiane.course.CourseTest
[INFO] Tests run: 4, Failures: 0, Errors: 0, Skipped: 0, Time elapsed: 0.011 s -- in com.loiane.course.CourseTest
[INFO] Running com.loiane.course.dto.mapper.CourseMapperTest
[INFO] Tests run: 3, Failures: 0, Errors: 0, Skipped: 0, Time elapsed: 0.005 s -- in com.loiane.course.dto.mapper.CourseMapperTest
[INFO] Running com.loiane.course.enums.EnumConvertersTest
[INFO] Tests run: 4, Failures: 0, Errors: 0, Skipped: 0, Time elapsed: 0.009 s -- in com.loiane.course.enums.EnumConvertersTest
[INFO] Running com.loiane.course.LessonTest
[INFO] Tests run: 4, Failures: 0, Errors: 0, Skipped: 0, Time elapsed: 0.011 s -- in com.loiane.course.LessonTest
[INFO] Running com.loiane.shared.controller.ApplicationControllerAdviceTest
2026-10-07T20:27:24.260-05:00  WARN 14368 --- [test] [           main] o.h.v.i.m.a.CascadingMetaDataBuilder     : HV000271: Using `@Valid` on a container (java.util.Set) is deprecated. You should apply the annotation on the type argument(s). Affected element: lessons
[INFO] Tests run: 6, Failures: 0, Errors: 0, Skipped: 0, Time elapsed: 0.029 s -- in com.loiane.shared.controller.ApplicationControllerAdviceTest
[INFO] Running com.loiane.shared.validation.ValidCourseNameValidatorTest
[INFO] Tests run: 8, Failures: 0, Errors: 0, Skipped: 0, Time elapsed: 0.047 s -- in com.loiane.shared.validation.ValidCourseNameValidatorTest
[INFO] Running com.loiane.shared.validation.ValueOfEnumValidatorTest
[INFO] Tests run: 2, Failures: 0, Errors: 0, Skipped: 0, Time elapsed: 0.015 s -- in com.loiane.shared.validation.ValueOfEnumValidatorTest
[INFO] Running com.loiane.shared.validation.YouTubeUrlValidatorTest
[INFO] Tests run: 5, Failures: 0, Errors: 0, Skipped: 0, Time elapsed: 0.028 s -- in com.loiane.shared.validation.YouTubeUrlValidatorTest
[INFO] Running com.loiane.architecture.ArchitectureTest
2026-10-07T20:27:24.412-05:00  INFO 14368 --- [test] [           main] com.tngtech.archunit.core.PluginLoader   : Detected Java version 25.0.4.1
[INFO] Tests run: 11, Failures: 0, Errors: 0, Skipped: 0, Time elapsed: 2.215 s -- in com.loiane.architecture.ArchitectureTest
[INFO] 
[INFO] Results:
[INFO] 
[INFO] Tests run: 94, Failures: 0, Errors: 0, Skipped: 0
[INFO] 
[INFO] ------------------------------------------------------------------------
[INFO] BUILD SUCCESS
[INFO] ------------------------------------------------------------------------
[INFO] Total time:  27.160 s
[INFO] Finished at: 2026-10-07T20:27:26-05:00
[INFO] ------------------------------------------------------------------------
